{
  "noise_sensitivity": {
    "train_noise_test_clean": {
      "noise_0.00": 0.9700000286102295,
      "noise_0.05": 0.9800000190734863,
      "noise_0.10": 0.9800000190734863,
      "noise_0.15": 0.9833333492279053,
      "noise_0.20": 0.9766666889190674,
      "noise_0.25": 0.9833333492279053,
      "noise_0.30": 0.9800000190734863
    },
    "train_clean_test_noise": {
      "noise_0.00": 0.9866666793823242,
      "noise_0.05": 0.9500000476837158,
      "noise_0.10": 0.9366666674613953,
      "noise_0.15": 0.9033333659172058,
      "noise_0.20": 0.8600000143051147,
      "noise_0.25": 0.8500000238418579,
      "noise_0.30": 0.8333333730697632
    },
    "train_noise_test_noise": {
      "flip_0.00": 0.9366666674613953,
      "flip_0.05": 0.9466667175292969,
      "flip_0.10": 0.9000000357627869,
      "flip_0.15": 0.8566666841506958,
      "flip_0.20": 0.79666668176651,
      "flip_0.25": 0.75,
      "flip_0.30": 0.6866666674613953
    }
  },
  "held_out_archetypes": {
    "hold_1": 0.8799999952316284,
    "hold_2": 0.8199999928474426,
    "hold_3": 0.8600000143051147,
    "hold_4": 0.9300000071525574,
    "transfer_sports\u2192tech": 1.0,
    "transfer_polL\u2192polR": 1.0,
    "transfer_tech\u2192lurker": 0.9199999570846558,
    "transfer_power\u2192lurker": 0.9799999594688416
  },
  "noisy_training": {
    "noisy_train_clean_test": {
      "noise_0.00_flip_0.00": 0.9700000286102295,
      "noise_0.00_flip_0.10": 0.9266666769981384,
      "noise_0.00_flip_0.20": 0.9000000357627869,
      "noise_0.10_flip_0.00": 0.9800000190734863,
      "noise_0.10_flip_0.10": 0.9600000381469727,
      "noise_0.10_flip_0.20": 0.9399999976158142,
      "noise_0.20_flip_0.00": 0.9766666889190674,
      "noise_0.20_flip_0.10": 0.9333333373069763,
      "noise_0.20_flip_0.20": 0.9133333563804626,
      "noise_0.30_flip_0.00": 0.9800000190734863,
      "noise_0.30_flip_0.10": 0.9766666889190674,
      "noise_0.30_flip_0.20": 0.9566667079925537
    },
    "noisy_train_noisy_test": {
      "noise_0.00_flip_0.00": 0.9866666793823242,
      "noise_0.00_flip_0.10": 0.8600000143051147,
      "noise_0.00_flip_0.20": 0.7233333587646484,
      "noise_0.10_flip_0.00": 0.9533333778381348,
      "noise_0.10_flip_0.10": 0.8133333325386047,
      "noise_0.10_flip_0.20": 0.6633333563804626,
      "noise_0.20_flip_0.00": 0.9300000071525574,
      "noise_0.20_flip_0.10": 0.7733333706855774,
      "noise_0.20_flip_0.20": 0.6533333659172058,
      "noise_0.30_flip_0.00": 0.9066666960716248,
      "noise_0.30_flip_0.10": 0.8366667032241821,
      "noise_0.30_flip_0.20": 0.6866666674613953
    }
  }
}