{
  "loss_type": "bradley_terry",
  "stakeholder": "society",
  "accuracy": 0.95384,
  "final_loss": 0.29208858873304505,
  "weights": {
    "positive_mean": 0.7767680883407593,
    "negative_mean": -4.04655122756958,
    "weight_std": 1.9173226356506348,
    "weight_range": 6.997016906738281
  },
  "score_stats": {
    "mean": -2.0167620182037354,
    "std": 2.010072708129883,
    "min": -7.470590591430664,
    "max": 1.3179216384887695
  },
  "topic_scores": {
    "sports": -0.0369778610765934,
    "tech": -2.058760166168213,
    "politics_L": -4.29124116897583,
    "politics_R": -4.219688892364502,
    "entertainment": 0.4732205867767334,
    "news": -2.124452590942383
  },
  "config": {
    "margin": 0.5,
    "calibration_weight": 1.0,
    "constraint_weight": 10.0
  },
  "training_time_seconds": 177.97146129608154,
  "weights_vector": [
    1.744732141494751,
    0.015751946717500687,
    0.20952969789505005,
    -0.15049968659877777,
    0.07564982771873474,
    0.11736764013767242,
    0.06059278920292854,
    1.3747056722640991,
    0.026690661907196045,
    0.03051763027906418,
    -0.09690164029598236,
    0.044972602277994156,
    -0.14235122501850128,
    0.5391213893890381,
    -3.1252694129943848,
    -5.252284526824951,
    -3.0570266246795654,
    -4.75162410736084
  ]
}