{
  "loss_type": "calibrated_bt",
  "stakeholder": "user",
  "accuracy": 0.94334,
  "final_loss": 0.4481213550509699,
  "weights": {
    "positive_mean": 1.9631162881851196,
    "negative_mean": -2.380321979522705,
    "weight_std": 1.5434483289718628,
    "weight_range": 5.067205429077148
  },
  "score_stats": {
    "mean": 0.20892870426177979,
    "std": 1.056748867034912,
    "min": -3.178569793701172,
    "max": 2.71492075920105
  },
  "topic_scores": {
    "sports": 1.1672061681747437,
    "tech": -0.04652819782495499,
    "politics_L": -0.7143930196762085,
    "politics_R": -0.6995684504508972,
    "entertainment": 1.5686275959014893,
    "news": -0.10053403675556183
  },
  "config": {
    "margin": 0.5,
    "calibration_weight": 0.75,
    "constraint_weight": 10.0
  },
  "training_time_seconds": 318.0110549926758,
  "weights_vector": [
    2.3707334995269775,
    1.9358577728271484,
    2.0567047595977783,
    -0.20389573276042938,
    -0.1208651214838028,
    -0.17950765788555145,
    -0.13659954071044922,
    1.9537842273712158,
    -0.21094855666160583,
    -0.21986645460128784,
    -0.1809380054473877,
    -0.26623085141181946,
    -0.34452512860298157,
    1.4985007047653198,
    -2.1382131576538086,
    -2.696471691131592,
    -2.1098709106445312,
    -2.5767323970794678
  ]
}