{
  "loss_type": "calibrated_bt",
  "stakeholder": "society",
  "accuracy": 0.95466,
  "final_loss": 0.4347495270126006,
  "weights": {
    "positive_mean": 1.086449146270752,
    "negative_mean": -2.464963674545288,
    "weight_std": 1.3611159324645996,
    "weight_range": 4.925699234008789
  },
  "score_stats": {
    "mean": -0.0882127657532692,
    "std": 1.2074614763259888,
    "min": -3.5659594535827637,
    "max": 2.24788236618042
  },
  "topic_scores": {
    "sports": 1.0674983263015747,
    "tech": -0.17578156292438507,
    "politics_L": -1.391858696937561,
    "politics_R": -1.3480713367462158,
    "entertainment": 1.4403705596923828,
    "news": -0.21396632492542267
  },
  "config": {
    "margin": 0.5,
    "calibration_weight": 0.75,
    "constraint_weight": 10.0
  },
  "training_time_seconds": 259.44676089286804,
  "weights_vector": [
    1.710137963294983,
    0.6698241829872131,
    0.6623880863189697,
    0.20308208465576172,
    0.3650786578655243,
    0.43239322304725647,
    0.28930750489234924,
    1.4573092460632324,
    0.33451056480407715,
    0.2980317175388336,
    0.2207370400428772,
    0.36759665608406067,
    0.1875639259815216,
    0.9325860142707825,
    -1.8798176050186157,
    -3.2155611515045166,
    -1.8256714344024658,
    -2.9388041496276855
  ]
}