{
  "loss_type": "calibrated_bt",
  "stakeholder": "platform",
  "accuracy": 0.86002,
  "final_loss": 0.5122740248889874,
  "weights": {
    "positive_mean": 2.6598899364471436,
    "negative_mean": -1.391238808631897,
    "weight_std": 1.732688546180725,
    "weight_range": 4.880457878112793
  },
  "score_stats": {
    "mean": 0.46815770864486694,
    "std": 0.7621368169784546,
    "min": -2.1641387939453125,
    "max": 2.8644447326660156
  },
  "topic_scores": {
    "sports": 0.7957192063331604,
    "tech": 0.0649973675608635,
    "politics_L": 0.3911336064338684,
    "politics_R": 0.36275479197502136,
    "entertainment": 1.1611772775650024,
    "news": 0.003429609118029475
  },
  "config": {
    "margin": 0.5,
    "calibration_weight": 0.5,
    "constraint_weight": 10.0
  },
  "training_time_seconds": 319.86679577827454,
  "weights_vector": [
    2.8585150241851807,
    3.203334093093872,
    3.1392629146575928,
    -1.113355278968811,
    -0.9105787873268127,
    -0.8044145703315735,
    -0.9765746593475342,
    2.267359972000122,
    -0.9730502367019653,
    -1.0141305923461914,
    -1.129469633102417,
    -1.0819461345672607,
    -1.1199654340744019,
    1.830978512763977,
    -1.6771236658096313,
    -1.1125658750534058,
    -1.6316760778427124,
    -1.1435898542404175
  ]
}