{
  "loss_type": "calibrated_bt",
  "stakeholder": "user",
  "accuracy": 0.93392,
  "final_loss": 0.38787398470179807,
  "weights": {
    "positive_mean": 2.308739185333252,
    "negative_mean": -3.0427613258361816,
    "weight_std": 1.9035502672195435,
    "weight_range": 6.504938125610352
  },
  "score_stats": {
    "mean": 0.28769129514694214,
    "std": 1.371817708015442,
    "min": -3.9866273403167725,
    "max": 3.4072020053863525
  },
  "topic_scores": {
    "sports": 1.5543992519378662,
    "tech": 0.0006749333115294576,
    "politics_L": -0.9700929522514343,
    "politics_R": -0.9449821710586548,
    "entertainment": 2.054269313812256,
    "news": -0.07149778306484222
  },
  "config": {
    "margin": 0.5,
    "calibration_weight": 0.25,
    "constraint_weight": 10.0
  },
  "training_time_seconds": 260.3294150829315,
  "weights_vector": [
    2.922013759613037,
    2.195303201675415,
    2.3791799545288086,
    -0.1107526645064354,
    0.006104199681431055,
    -0.08328120410442352,
    0.0019673837814480066,
    2.340813636779785,
    -0.12595470249652863,
    -0.1180647686123848,
    -0.07190972566604614,
    -0.18827524781227112,
    -0.22669672966003418,
    1.7063854932785034,
    -2.6256825923919678,
    -3.5829241275787354,
    -2.594944715499878,
    -3.367493152618408
  ]
}