{
  "loss_type": "calibrated_bt",
  "stakeholder": "society",
  "accuracy": 0.95434,
  "final_loss": 0.35204758718038154,
  "weights": {
    "positive_mean": 1.077002763748169,
    "negative_mean": -3.3930227756500244,
    "weight_std": 1.7819472551345825,
    "weight_range": 6.544407367706299
  },
  "score_stats": {
    "mean": -0.724642276763916,
    "std": 1.7096223831176758,
    "min": -5.557881832122803,
    "max": 2.3401987552642822
  },
  "topic_scores": {
    "sports": 0.9266229271888733,
    "tech": -0.7772621512413025,
    "politics_L": -2.633341073989868,
    "politics_R": -2.5693094730377197,
    "entertainment": 1.4011833667755127,
    "news": -0.8271123766899109
  },
  "config": {
    "margin": 0.5,
    "calibration_weight": 0.25,
    "constraint_weight": 10.0
  },
  "training_time_seconds": 312.37014389038086,
  "weights_vector": [
    1.9296956062316895,
    0.4292450249195099,
    0.4687858819961548,
    0.21004249155521393,
    0.4088127315044403,
    0.4687563478946686,
    0.369926780462265,
    1.6208775043487549,
    0.35868313908576965,
    0.3355211615562439,
    0.24859413504600525,
    0.3938112258911133,
    0.22059746086597443,
    0.9364096522331238,
    -2.452199697494507,
    -4.614711761474609,
    -2.3957481384277344,
    -4.109431266784668
  ]
}