{
  "loss_type": "calibrated_bt",
  "stakeholder": "user",
  "accuracy": 0.93048,
  "final_loss": 0.36524669090500267,
  "weights": {
    "positive_mean": 2.4133617877960205,
    "negative_mean": -3.2696685791015625,
    "weight_std": 2.0242350101470947,
    "weight_range": 6.986575603485107
  },
  "score_stats": {
    "mean": 0.3101694583892822,
    "std": 1.4808921813964844,
    "min": -4.262959957122803,
    "max": 3.651517868041992
  },
  "topic_scores": {
    "sports": 1.6845489740371704,
    "tech": 0.01483206544071436,
    "politics_L": -1.0661083459854126,
    "politics_R": -1.0371752977371216,
    "entertainment": 2.216057777404785,
    "news": -0.06309708952903748
  },
  "config": {
    "margin": 0.5,
    "calibration_weight": 0.1,
    "constraint_weight": 10.0
  },
  "training_time_seconds": 293.74043107032776,
  "weights_vector": [
    3.091999053955078,
    2.267531633377075,
    2.4751315116882324,
    -0.06993336975574493,
    0.05563283711671829,
    -0.04534723609685898,
    0.058792196214199066,
    2.4593923091888428,
    -0.09273791313171387,
    -0.07532545179128647,
    -0.02791753225028515,
    -0.15354466438293457,
    -0.17584945261478424,
    1.7727543115615845,
    -2.7871928215026855,
    -3.8945765495300293,
    -2.7581098079681396,
    -3.638794422149658
  ]
}