{
  "loss_type": "calibrated_bt",
  "stakeholder": "platform",
  "accuracy": 0.91316,
  "final_loss": 0.4645370635992426,
  "weights": {
    "positive_mean": 3.8362669944763184,
    "negative_mean": -1.5138344764709473,
    "weight_std": 2.0824482440948486,
    "weight_range": 5.95550537109375
  },
  "score_stats": {
    "mean": 2.8910155296325684,
    "std": 0.9730879068374634,
    "min": -0.2974601984024048,
    "max": 6.032617568969727
  },
  "topic_scores": {
    "sports": 3.2170281410217285,
    "tech": 2.377382278442383,
    "politics_L": 2.852400779724121,
    "politics_R": 2.83321213722229,
    "entertainment": 3.7265474796295166,
    "news": 2.3089516162872314
  },
  "config": {
    "margin": 0.5,
    "calibration_weight": 0.05,
    "constraint_weight": 10.0
  },
  "training_time_seconds": 297.0782940387726,
  "weights_vector": [
    4.334232807159424,
    4.259616851806641,
    4.186722755432129,
    -0.2942103147506714,
    -0.0982806608080864,
    0.012915655970573425,
    -0.18239301443099976,
    3.5445191860198975,
    -0.2527529001235962,
    -0.24686144292354584,
    -0.3532368242740631,
    -0.29938754439353943,
    -0.28486835956573486,
    2.85624361038208,
    -1.621272325515747,
    -1.4407720565795898,
    -1.602202296257019,
    -1.3910915851593018
  ]
}