{
  "loss_type": "calibrated_bt",
  "stakeholder": "society",
  "accuracy": 0.90264,
  "final_loss": 0.6188444935757181,
  "weights": {
    "positive_mean": 0.6865782737731934,
    "negative_mean": -0.7930926084518433,
    "weight_std": 0.5256298184394836,
    "weight_range": 1.6099731922149658
  },
  "score_stats": {
    "mean": 0.08016642928123474,
    "std": 0.3422347605228424,
    "min": -1.0186607837677002,
    "max": 0.9583536982536316
  },
  "topic_scores": {
    "sports": 0.38468238711357117,
    "tech": -0.01918463595211506,
    "politics_L": -0.20801927149295807,
    "politics_R": -0.20236460864543915,
    "entertainment": 0.5294879078865051,
    "news": -0.029094573110342026
  },
  "config": {
    "margin": 0.5,
    "calibration_weight": 5.0,
    "constraint_weight": 10.0
  },
  "training_time_seconds": 334.5831799507141,
  "weights_vector": [
    0.80655437707901,
    0.6354197263717651,
    0.6417887806892395,
    -0.09954163432121277,
    -0.06816078722476959,
    -0.03656722232699394,
    -0.11603304743766785,
    0.7330101728439331,
    -0.06047593057155609,
    -0.06579133868217468,
    -0.12053462117910385,
    -0.04285912215709686,
    -0.19045715034008026,
    0.6161183714866638,
    -0.7989851236343384,
    -0.7810906767845154,
    -0.7888758778572083,
    -0.803418755531311
  ]
}