{
  "loss_type": "calibrated_bt",
  "stakeholder": "user",
  "accuracy": 0.929,
  "final_loss": 0.35722031343318617,
  "weights": {
    "positive_mean": 2.44561505317688,
    "negative_mean": -3.347670793533325,
    "weight_std": 2.0646467208862305,
    "weight_range": 7.147429466247559
  },
  "score_stats": {
    "mean": 0.3117125928401947,
    "std": 1.5183459520339966,
    "min": -4.363430976867676,
    "max": 3.7271969318389893
  },
  "topic_scores": {
    "sports": 1.7233781814575195,
    "tech": 0.013964730314910412,
    "politics_L": -1.1058307886123657,
    "politics_R": -1.0755751132965088,
    "entertainment": 2.2652981281280518,
    "news": -0.06588735431432724
  },
  "config": {
    "margin": 0.5,
    "calibration_weight": 0.05,
    "constraint_weight": 10.0
  },
  "training_time_seconds": 318.9694781303406,
  "weights_vector": [
    3.1454813480377197,
    2.2887978553771973,
    2.504441499710083,
    -0.057011306285858154,
    0.07118743658065796,
    -0.03375586122274399,
    0.07714685797691345,
    2.4962522983551025,
    -0.08297236263751984,
    -0.06203506886959076,
    -0.014259008690714836,
    -0.14271442592144012,
    -0.1594938188791275,
    1.793102741241455,
    -2.842616319656372,
    -4.001948356628418,
    -2.814411163330078,
    -3.7317075729370117
  ]
}