{
  "loss_type": "calibrated_bt",
  "stakeholder": "platform",
  "accuracy": 0.84352,
  "final_loss": 0.5941522228900734,
  "weights": {
    "positive_mean": 1.3324962854385376,
    "negative_mean": -0.5314816832542419,
    "weight_std": 0.8884978890419006,
    "weight_range": 2.3402020931243896
  },
  "score_stats": {
    "mean": 0.10205898433923721,
    "std": 0.36243778467178345,
    "min": -1.0780247449874878,
    "max": 1.3545303344726562
  },
  "topic_scores": {
    "sports": 0.17929276823997498,
    "tech": -0.10004255175590515,
    "politics_L": 0.1574917882680893,
    "politics_R": 0.13821114599704742,
    "entertainment": 0.3440408408641815,
    "news": -0.11500302702188492
  },
  "config": {
    "margin": 0.5,
    "calibration_weight": 5.0,
    "constraint_weight": 10.0
  },
  "training_time_seconds": 294.47627997398376,
  "weights_vector": [
    1.278118371963501,
    1.6148614883422852,
    1.5627856254577637,
    -0.7051573395729065,
    -0.6271517276763916,
    -0.5758025050163269,
    -0.641211211681366,
    1.1383445262908936,
    -0.6377049684524536,
    -0.6449522972106934,
    -0.7153540849685669,
    -0.6722127795219421,
    -0.7253406047821045,
    1.0683714151382446,
    -0.7145376801490784,
    -0.3471136689186096,
    -0.6994432806968689,
    -0.36483216285705566
  ]
}