{
  "loss_type": "calibrated_bt",
  "stakeholder": "user",
  "accuracy": 0.9411,
  "final_loss": 0.5642619162721707,
  "weights": {
    "positive_mean": 1.2243473529815674,
    "negative_mean": -1.1606367826461792,
    "weight_std": 0.8703209757804871,
    "weight_range": 2.5123703479766846
  },
  "score_stats": {
    "mean": 0.12151489406824112,
    "std": 0.5011509656906128,
    "min": -1.5984498262405396,
    "max": 1.476349115371704
  },
  "topic_scores": {
    "sports": 0.5363230109214783,
    "tech": -0.054114267230033875,
    "politics_L": -0.23034162819385529,
    "politics_R": -0.23051775991916656,
    "entertainment": 0.7472041249275208,
    "news": -0.07458826899528503
  },
  "config": {
    "margin": 0.5,
    "calibration_weight": 3.0,
    "constraint_weight": 10.0
  },
  "training_time_seconds": 296.51758074760437,
  "weights_vector": [
    1.293668508529663,
    1.2957602739334106,
    1.3404451608657837,
    -0.25848668813705444,
    -0.24945826828479767,
    -0.2818136215209961,
    -0.25920364260673523,
    1.157037615776062,
    -0.27621862292289734,
    -0.2815515697002411,
    -0.2641940712928772,
    -0.30218347907066345,
    -0.4008620083332062,
    1.0348255634307861,
    -1.1719251871109009,
    -1.1626765727996826,
    -1.1666640043258667,
    -1.1412814855575562
  ]
}