{
  "loss_type": "calibrated_bt",
  "stakeholder": "platform",
  "accuracy": 0.89422,
  "final_loss": 0.47842394730166704,
  "weights": {
    "positive_mean": 3.4513518810272217,
    "negative_mean": -1.5678566694259644,
    "weight_std": 2.014772891998291,
    "weight_range": 5.733827590942383
  },
  "score_stats": {
    "mean": 1.8414868116378784,
    "std": 0.9184018969535828,
    "min": -1.1738553047180176,
    "max": 4.774718284606934
  },
  "topic_scores": {
    "sports": 2.202317714691162,
    "tech": 1.35478937625885,
    "politics_L": 1.7659759521484375,
    "politics_R": 1.7416678667068481,
    "entertainment": 2.66882061958313,
    "news": 1.28230881690979
  },
  "config": {
    "margin": 0.5,
    "calibration_weight": 0.1,
    "constraint_weight": 10.0
  },
  "training_time_seconds": 305.8527419567108,
  "weights_vector": [
    3.8494675159454346,
    3.9659528732299805,
    3.90167236328125,
    -0.7011435627937317,
    -0.48658111691474915,
    -0.37597015500068665,
    -0.5687902569770813,
    3.082526683807373,
    -0.6048330664634705,
    -0.6279668807983398,
    -0.7424069046974182,
    -0.6933788061141968,
    -0.694140613079071,
    2.457141160964966,
    -1.7678745985031128,
    -1.3921910524368286,
    -1.7307687997817993,
    -1.3805921077728271
  ]
}