{
  "loss_type": "calibrated_bt",
  "stakeholder": "society",
  "accuracy": 0.95444,
  "final_loss": 0.3055139919147467,
  "weights": {
    "positive_mean": 0.8732267618179321,
    "negative_mean": -3.931583881378174,
    "weight_std": 1.9153671264648438,
    "weight_range": 6.991475582122803
  },
  "score_stats": {
    "mean": -1.6582105159759521,
    "std": 1.9600123167037964,
    "min": -7.040375232696533,
    "max": 1.6633219718933105
  },
  "topic_scores": {
    "sports": 0.2641618847846985,
    "tech": -1.7037564516067505,
    "politics_L": -3.8703184127807617,
    "politics_R": -3.799211025238037,
    "entertainment": 0.7726547718048096,
    "news": -1.765625238418579
  },
  "config": {
    "margin": 0.5,
    "calibration_weight": 0.05,
    "constraint_weight": 10.0
  },
  "training_time_seconds": 295.1366150379181,
  "weights_vector": [
    1.828961730003357,
    0.11812318116426468,
    0.28616446256637573,
    -0.02877185307443142,
    0.18927884101867676,
    0.23330876231193542,
    0.17072118818759918,
    1.468380093574524,
    0.13680392503738403,
    0.13821561634540558,
    0.020305486395955086,
    0.16045339405536652,
    -0.018221048638224602,
    0.6645042896270752,
    -2.9876060485839844,
    -5.162513732910156,
    -2.9232704639434814,
    -4.652945041656494
  ]
}