{
  "loss_type": "calibrated_bt",
  "stakeholder": "user",
  "accuracy": 0.94666,
  "final_loss": 0.47074162228333066,
  "weights": {
    "positive_mean": 1.8190819025039673,
    "negative_mean": -2.1234495639801025,
    "weight_std": 1.402617335319519,
    "weight_range": 4.50846004486084
  },
  "score_stats": {
    "mean": 0.1901787966489792,
    "std": 0.9364172220230103,
    "min": -2.847126007080078,
    "max": 2.4591786861419678
  },
  "topic_scores": {
    "sports": 1.0310587882995605,
    "tech": -0.050969500094652176,
    "politics_L": -0.6074955463409424,
    "politics_R": -0.596213161945343,
    "entertainment": 1.3929245471954346,
    "news": -0.09761457145214081
  },
  "config": {
    "margin": 0.5,
    "calibration_weight": 1.0,
    "constraint_weight": 10.0
  },
  "training_time_seconds": 324.41584515571594,
  "weights_vector": [
    2.14707088470459,
    1.818849802017212,
    1.9200453758239746,
    -0.22342170774936676,
    -0.1564972698688507,
    -0.20605885982513428,
    -0.17336247861385345,
    1.7950730323791504,
    -0.23245814442634583,
    -0.2423366755247116,
    -0.20817619562149048,
    -0.28141680359840393,
    -0.37029126286506653,
    1.414369821548462,
    -1.9429057836532593,
    -2.361389398574829,
    -1.9186948537826538,
    -2.270808219909668
  ]
}