{
  "loss_type": "calibrated_bt",
  "stakeholder": "society",
  "accuracy": 0.94694,
  "final_loss": 0.5365385897552876,
  "weights": {
    "positive_mean": 0.8634560704231262,
    "negative_mean": -1.4417842626571655,
    "weight_std": 0.832195520401001,
    "weight_range": 2.8025383949279785
  },
  "score_stats": {
    "mean": 0.10236242413520813,
    "std": 0.6563012599945068,
    "min": -1.8126773834228516,
    "max": 1.5085909366607666
  },
  "topic_scores": {
    "sports": 0.7249976396560669,
    "tech": -0.005471915006637573,
    "politics_L": -0.5547183752059937,
    "politics_R": -0.5341935157775879,
    "entertainment": 0.95938640832901,
    "news": -0.026596035808324814
  },
  "config": {
    "margin": 0.5,
    "calibration_weight": 2.0,
    "constraint_weight": 10.0
  },
  "training_time_seconds": 298.1603481769562,
  "weights_vector": [
    1.178551197052002,
    0.6676219701766968,
    0.6802825927734375,
    0.05671346187591553,
    0.1343214213848114,
    0.19143381714820862,
    0.06619007140398026,
    1.0352572202682495,
    0.11911564320325851,
    0.11309615522623062,
    0.03961453586816788,
    0.15628227591514587,
    -0.01726355217397213,
    0.755567193031311,
    -1.281244158744812,
    -1.6239871978759766,
    -1.264527440071106,
    -1.5973782539367676
  ]
}