{
  "loss_type": "calibrated_bt",
  "stakeholder": "user",
  "accuracy": 0.95016,
  "final_loss": 0.5053765004324486,
  "weights": {
    "positive_mean": 1.5922216176986694,
    "negative_mean": -1.7450482845306396,
    "weight_std": 1.192497730255127,
    "weight_range": 3.684096336364746
  },
  "score_stats": {
    "mean": 0.16050337255001068,
    "std": 0.7613352537155151,
    "min": -2.356325149536133,
    "max": 2.0720760822296143
  },
  "topic_scores": {
    "sports": 0.8311483860015869,
    "tech": -0.057078953832387924,
    "politics_L": -0.45688480138778687,
    "politics_R": -0.45042452216148376,
    "entertainment": 1.1334782838821411,
    "news": -0.0929664671421051
  },
  "config": {
    "margin": 0.5,
    "calibration_weight": 1.5,
    "constraint_weight": 10.0
  },
  "training_time_seconds": 296.8064031600952,
  "weights_vector": [
    1.8077666759490967,
    1.6254785060882568,
    1.7021665573120117,
    -0.2424715906381607,
    -0.20061615109443665,
    -0.24065610766410828,
    -0.21643546223640442,
    1.5486392974853516,
    -0.25698429346084595,
    -0.26461824774742126,
    -0.23822908103466034,
    -0.2951287031173706,
    -0.3935888111591339,
    1.27705717086792,
    -1.6493098735809326,
    -1.8763296604156494,
    -1.6332365274429321,
    -1.8213165998458862
  ]
}