{
  "loss_type": "calibrated_bt",
  "stakeholder": "user",
  "accuracy": 0.91356,
  "final_loss": 0.6019327729711752,
  "weights": {
    "positive_mean": 1.013283371925354,
    "negative_mean": -0.8271206021308899,
    "weight_std": 0.694808304309845,
    "weight_range": 2.008964776992798
  },
  "score_stats": {
    "mean": 0.09889102727174759,
    "std": 0.36304810643196106,
    "min": -1.1823911666870117,
    "max": 1.143458604812622
  },
  "topic_scores": {
    "sports": 0.37200337648391724,
    "tech": -0.0498354397714138,
    "politics_L": -0.10944129526615143,
    "politics_R": -0.11313322931528091,
    "entertainment": 0.5327164530754089,
    "news": -0.06256144493818283
  },
  "config": {
    "margin": 0.5,
    "calibration_weight": 5.0,
    "constraint_weight": 10.0
  },
  "training_time_seconds": 324.43854212760925,
  "weights_vector": [
    1.020216464996338,
    1.0997267961502075,
    1.1288138628005981,
    -0.27240821719169617,
    -0.2729269862174988,
    -0.3016633689403534,
    -0.27923983335494995,
    0.9374531507492065,
    -0.2820834517478943,
    -0.2912653386592865,
    -0.2752799987792969,
    -0.30761978030204773,
    -0.39928683638572693,
    0.8802064657211304,
    -0.8801509737968445,
    -0.782904326915741,
    -0.8765190839767456,
    -0.7689081430435181
  ]
}