{
  "loss_type": "calibrated_bt",
  "stakeholder": "society",
  "accuracy": 0.9545,
  "final_loss": 0.31815453308165226,
  "weights": {
    "positive_mean": 0.9426376223564148,
    "negative_mean": -3.7989420890808105,
    "weight_std": 1.8935092687606812,
    "weight_range": 6.921178817749023
  },
  "score_stats": {
    "mean": -1.367189645767212,
    "std": 1.901175618171692,
    "min": -6.636183738708496,
    "max": 1.9074230194091797
  },
  "topic_scores": {
    "sports": 0.4896101951599121,
    "tech": -1.413849115371704,
    "politics_L": -3.508025884628296,
    "politics_R": -3.4381864070892334,
    "entertainment": 0.9916487336158752,
    "news": -1.471977710723877
  },
  "config": {
    "margin": 0.5,
    "calibration_weight": 0.1,
    "constraint_weight": 10.0
  },
  "training_time_seconds": 317.2866241931915,
  "weights_vector": [
    1.8740729093551636,
    0.20847119390964508,
    0.3410245478153229,
    0.05888155475258827,
    0.2705305814743042,
    0.31862011551856995,
    0.2475956380367279,
    1.528343915939331,
    0.21697305142879486,
    0.21267549693584442,
    0.1044951006770134,
    0.24454544484615326,
    0.07032440602779388,
    0.7612755298614502,
    -2.839529514312744,
    -5.04710578918457,
    -2.778240203857422,
    -4.530892848968506
  ]
}