{
  "loss_type": "calibrated_bt",
  "stakeholder": "society",
  "accuracy": 0.93486,
  "final_loss": 0.5758590647936477,
  "weights": {
    "positive_mean": 0.7720323801040649,
    "negative_mean": -1.1160643100738525,
    "weight_std": 0.6702266931533813,
    "weight_range": 2.175309658050537
  },
  "score_stats": {
    "mean": 0.0985046774148941,
    "std": 0.49333617091178894,
    "min": -1.3981351852416992,
    "max": 1.2242791652679443
  },
  "topic_scores": {
    "sports": 0.5594974160194397,
    "tech": -0.0067891632206737995,
    "politics_L": -0.36938151717185974,
    "politics_R": -0.35626333951950073,
    "entertainment": 0.7481589317321777,
    "news": -0.02216308005154133
  },
  "config": {
    "margin": 0.5,
    "calibration_weight": 3.0,
    "constraint_weight": 10.0
  },
  "training_time_seconds": 341.6150460243225,
  "weights_vector": [
    0.985811173915863,
    0.6485117673873901,
    0.6601327657699585,
    -0.014124265871942043,
    0.03724268823862076,
    0.08364798128604889,
    -0.020811665803194046,
    0.8805128335952759,
    0.03158068656921387,
    0.029805772006511688,
    -0.036953315138816833,
    0.06298023462295532,
    -0.10106747597455978,
    0.6851932406425476,
    -1.0513142347335815,
    -1.182263731956482,
    -1.0411806106567383,
    -1.1894984245300293
  ]
}