{
  "loss_type": "calibrated_bt",
  "stakeholder": "user",
  "accuracy": 0.9509,
  "final_loss": 0.5304225860044475,
  "weights": {
    "positive_mean": 1.431816577911377,
    "negative_mean": -1.4861526489257812,
    "weight_std": 1.0490586757659912,
    "weight_range": 3.131324291229248
  },
  "score_stats": {
    "mean": 0.14449793100357056,
    "std": 0.6441309452056885,
    "min": -2.0168216228485107,
    "max": 1.809166431427002
  },
  "topic_scores": {
    "sports": 0.7006127834320068,
    "tech": -0.05543925613164902,
    "politics_L": -0.3530538082122803,
    "politics_R": -0.34963512420654297,
    "entertainment": 0.9622153043746948,
    "news": -0.08425416052341461
  },
  "config": {
    "margin": 0.5,
    "calibration_weight": 2.0,
    "constraint_weight": 10.0
  },
  "training_time_seconds": 374.2650980949402,
  "weights_vector": [
    1.5774736404418945,
    1.4838018417358398,
    1.5458664894104004,
    -0.24961382150650024,
    -0.22393165528774261,
    -0.25997015833854675,
    -0.2373930811882019,
    1.3767609596252441,
    -0.2672314941883087,
    -0.27310675382614136,
    -0.25130853056907654,
    -0.29878416657447815,
    -0.399438738822937,
    1.1751800775527954,
    -1.4421213865280151,
    -1.5538506507873535,
    -1.431660771369934,
    -1.5169777870178223
  ]
}