{
  "loss_type": "calibrated_bt",
  "stakeholder": "platform",
  "accuracy": 0.86848,
  "final_loss": 0.4968126498905899,
  "weights": {
    "positive_mean": 2.9578146934509277,
    "negative_mean": -1.5184311866760254,
    "weight_std": 1.873060703277588,
    "weight_range": 5.315919876098633
  },
  "score_stats": {
    "mean": 0.811887800693512,
    "std": 0.8348460793495178,
    "min": -2.035196542739868,
    "max": 3.4342455863952637
  },
  "topic_scores": {
    "sports": 1.1741548776626587,
    "tech": 0.37105950713157654,
    "politics_L": 0.7197500467300415,
    "politics_R": 0.6915064454078674,
    "entertainment": 1.5807840824127197,
    "news": 0.3013184368610382
  },
  "config": {
    "margin": 0.5,
    "calibration_weight": 0.25,
    "constraint_weight": 10.0
  },
  "training_time_seconds": 299.9859228134155,
  "weights_vector": [
    3.2334506511688232,
    3.5214896202087402,
    3.463550329208374,
    -1.0543092489242554,
    -0.8351787328720093,
    -0.724188506603241,
    -0.9108418822288513,
    2.546597719192505,
    -0.9148579835891724,
    -0.9567227959632874,
    -1.074154257774353,
    -1.0284889936447144,
    -1.0546934604644775,
    2.0239858627319336,
    -1.7944304943084717,
    -1.254341721534729,
    -1.7469643354415894,
    -1.2779885530471802
  ]
}