{
  "loss_type": "calibrated_bt",
  "stakeholder": "user",
  "accuracy": 0.93926,
  "final_loss": 0.4207811719163909,
  "weights": {
    "positive_mean": 2.1285953521728516,
    "negative_mean": -2.689720869064331,
    "weight_std": 1.7119252681732178,
    "weight_range": 5.739069938659668
  },
  "score_stats": {
    "mean": 0.2389659285545349,
    "std": 1.2030370235443115,
    "min": -3.565488815307617,
    "max": 3.0282702445983887
  },
  "topic_scores": {
    "sports": 1.3403069972991943,
    "tech": -0.03222329542040825,
    "politics_L": -0.83868408203125,
    "politics_R": -0.8192622661590576,
    "entertainment": 1.7884039878845215,
    "news": -0.09492851793766022
  },
  "config": {
    "margin": 0.5,
    "calibration_weight": 0.5,
    "constraint_weight": 10.0
  },
  "training_time_seconds": 322.00099992752075,
  "weights_vector": [
    2.6332802772521973,
    2.063722848892212,
    2.2120707035064697,
    -0.1686784327030182,
    -0.06830108910799026,
    -0.1403142362833023,
    -0.08043324947357178,
    2.138216733932495,
    -0.1768968403339386,
    -0.1804608702659607,
    -0.13728635013103485,
    -0.23741117119789124,
    -0.2990202307701111,
    1.5956863164901733,
    -2.369262933731079,
    -3.1057896614074707,
    -2.3383073806762695,
    -2.945523738861084
  ]
}