{
  "loss_type": "calibrated_bt",
  "stakeholder": "platform",
  "accuracy": 0.85664,
  "final_loss": 0.5234224473500191,
  "weights": {
    "positive_mean": 2.4620261192321777,
    "negative_mean": -1.2816791534423828,
    "weight_std": 1.6222093105316162,
    "weight_range": 4.540144920349121
  },
  "score_stats": {
    "mean": 0.3274763226509094,
    "std": 0.706912636756897,
    "min": -2.122313976287842,
    "max": 2.5611581802368164
  },
  "topic_scores": {
    "sports": 0.6233612298965454,
    "tech": -0.047715362161397934,
    "politics_L": 0.2660384774208069,
    "politics_R": 0.2383396476507187,
    "entertainment": 0.9601074457168579,
    "news": -0.10230571776628494
  },
  "config": {
    "margin": 0.5,
    "calibration_weight": 0.75,
    "constraint_weight": 10.0
  },
  "training_time_seconds": 301.1921138763428,
  "weights_vector": [
    2.61080002784729,
    2.977721691131592,
    2.907785177230835,
    -1.101276159286499,
    -0.9158557057380676,
    -0.8148257732391357,
    -0.9741483926773071,
    2.094083070755005,
    -0.9689180254936218,
    -1.0064150094985962,
    -1.118033528327942,
    -1.068609356880188,
    -1.1118632555007935,
    1.7197413444519043,
    -1.5624232292175293,
    -1.0058598518371582,
    -1.5209660530090332,
    -1.0374675989151
  ]
}