{
  "loss_type": "calibrated_bt",
  "stakeholder": "society",
  "accuracy": 0.95162,
  "final_loss": 0.5067046861285749,
  "weights": {
    "positive_mean": 0.9357622265815735,
    "negative_mean": -1.714451551437378,
    "weight_std": 0.9724871516227722,
    "weight_range": 3.359213352203369
  },
  "score_stats": {
    "mean": 0.08360516279935837,
    "std": 0.7984001040458679,
    "min": -2.222909688949585,
    "max": 1.7414742708206177
  },
  "topic_scores": {
    "sports": 0.8447891473770142,
    "tech": -0.022936111316084862,
    "politics_L": -0.7385126352310181,
    "politics_R": -0.7118335962295532,
    "entertainment": 1.117383360862732,
    "news": -0.048936136066913605
  },
  "config": {
    "margin": 0.5,
    "calibration_weight": 1.5,
    "constraint_weight": 10.0
  },
  "training_time_seconds": 280.2368116378784,
  "weights_vector": [
    1.3372606039047241,
    0.681006908416748,
    0.690527617931366,
    0.10469760745763779,
    0.20659011602401733,
    0.26955294609069824,
    0.13164085149765015,
    1.1598902940750122,
    0.18566906452178955,
    0.172417551279068,
    0.09606731683015823,
    0.2234824001789093,
    0.04586285352706909,
    0.8101259469985962,
    -1.4565198421478271,
    -2.0219526290893555,
    -1.4303200244903564,
    -1.9490132331848145
  ]
}