{
  "loss_type": "calibrated_bt",
  "stakeholder": "platform",
  "accuracy": 0.85032,
  "final_loss": 0.5743908420243227,
  "weights": {
    "positive_mean": 1.625139594078064,
    "negative_mean": -0.7323546409606934,
    "weight_std": 1.086559772491455,
    "weight_range": 2.923516273498535
  },
  "score_stats": {
    "mean": 0.10896509140729904,
    "std": 0.45137205719947815,
    "min": -1.4148374795913696,
    "max": 1.6186611652374268
  },
  "topic_scores": {
    "sports": 0.2434738576412201,
    "tech": -0.13875558972358704,
    "politics_L": 0.13387379050254822,
    "politics_R": 0.11196722090244293,
    "entertainment": 0.4527480900287628,
    "news": -0.16281339526176453
  },
  "config": {
    "margin": 0.5,
    "calibration_weight": 3.0,
    "constraint_weight": 10.0
  },
  "training_time_seconds": 315.1949129104614,
  "weights_vector": [
    1.6043031215667725,
    1.9759520292282104,
    1.9065831899642944,
    -0.8359023332595825,
    -0.7336856722831726,
    -0.6669870615005493,
    -0.757370114326477,
    1.3850078582763672,
    -0.7537717819213867,
    -0.7687770128250122,
    -0.8534222841262817,
    -0.8030585050582886,
    -0.8555947542190552,
    1.2538518905639648,
    -0.9475643038749695,
    -0.5162348747253418,
    -0.9271523356437683,
    -0.5384669303894043
  ]
}