{
  "loss_type": "calibrated_bt",
  "stakeholder": "society",
  "accuracy": 0.95474,
  "final_loss": 0.3981670074145812,
  "weights": {
    "positive_mean": 1.1207969188690186,
    "negative_mean": -2.872495651245117,
    "weight_std": 1.5628670454025269,
    "weight_range": 5.7250895500183105
  },
  "score_stats": {
    "mean": -0.2767772376537323,
    "std": 1.433508038520813,
    "min": -4.383762359619141,
    "max": 2.4060544967651367
  },
  "topic_scores": {
    "sports": 1.0979394912719727,
    "tech": -0.3480854034423828,
    "politics_L": -1.8510806560516357,
    "politics_R": -1.7978795766830444,
    "entertainment": 1.5202809572219849,
    "news": -0.39147916436195374
  },
  "config": {
    "margin": 0.5,
    "calibration_weight": 0.5,
    "constraint_weight": 10.0
  },
  "training_time_seconds": 277.7382810115814,
  "weights_vector": [
    1.8526865243911743,
    0.606133222579956,
    0.5991296172142029,
    0.23678730428218842,
    0.4197056293487549,
    0.48621872067451477,
    0.35709360241889954,
    1.5739123821258545,
    0.3816851079463959,
    0.3438573479652405,
    0.26549699902534485,
    0.41598984599113464,
    0.23770396411418915,
    0.9721225500106812,
    -2.102673053741455,
    -3.872403144836426,
    -2.0438265800476074,
    -3.471079111099243
  ]
}