{
  "loss_type": "calibrated_bt",
  "stakeholder": "platform",
  "accuracy": 0.85372,
  "final_loss": 0.5325452536344528,
  "weights": {
    "positive_mean": 2.303469181060791,
    "negative_mean": -1.1871219873428345,
    "weight_std": 1.5281786918640137,
    "weight_range": 4.252725601196289
  },
  "score_stats": {
    "mean": 0.2442663311958313,
    "std": 0.6607263684272766,
    "min": -2.047287702560425,
    "max": 2.3439130783081055
  },
  "topic_scores": {
    "sports": 0.5126346945762634,
    "tech": -0.10766089707612991,
    "politics_L": 0.19664351642131805,
    "politics_R": 0.16974763572216034,
    "entertainment": 0.8259477019309998,
    "news": -0.15640437602996826
  },
  "config": {
    "margin": 0.5,
    "calibration_weight": 1.0,
    "constraint_weight": 10.0
  },
  "training_time_seconds": 282.82974791526794,
  "weights_vector": [
    2.414306163787842,
    2.7927746772766113,
    2.718822717666626,
    -1.0740753412246704,
    -0.9042072296142578,
    -0.8081589341163635,
    -0.956180214881897,
    1.9580988883972168,
    -0.9504795074462891,
    -0.9842075705528259,
    -1.0917015075683594,
    -1.041097640991211,
    -1.0874724388122559,
    1.6333428621292114,
    -1.4599510431289673,
    -0.9176517128944397,
    -1.422280192375183,
    -0.9486051797866821
  ]
}