{
  "loss_type": "calibrated_bt",
  "stakeholder": "platform",
  "accuracy": 0.85216,
  "final_loss": 0.5581922077614329,
  "weights": {
    "positive_mean": 1.8799670934677124,
    "negative_mean": -0.9067432880401611,
    "weight_std": 1.2567627429962158,
    "weight_range": 3.4331674575805664
  },
  "score_stats": {
    "mean": 0.13312236964702606,
    "std": 0.5303947925567627,
    "min": -1.6872782707214355,
    "max": 1.8662313222885132
  },
  "topic_scores": {
    "sports": 0.3185005486011505,
    "tech": -0.15416795015335083,
    "politics_L": 0.13039006292819977,
    "politics_R": 0.10639552772045135,
    "entertainment": 0.5669950842857361,
    "news": -0.1870221346616745
  },
  "config": {
    "margin": 0.5,
    "calibration_weight": 2.0,
    "constraint_weight": 10.0
  },
  "training_time_seconds": 316.9893910884857,
  "weights_vector": [
    1.9005229473114014,
    2.2861080169677734,
    2.210127353668213,
    -0.9404253959655762,
    -0.8135883808135986,
    -0.734584391117096,
    -0.8480260372161865,
    1.6002891063690186,
    -0.843608021736145,
    -0.8651891350746155,
    -0.9590460062026978,
    -0.9073435068130493,
    -0.9588189721107483,
    1.4027882814407349,
    -1.1470595598220825,
    -0.6669116616249084,
    -1.1200993061065674,
    -0.6929025650024414
  ]
}