{
  "loss_type": "calibrated_bt",
  "stakeholder": "platform",
  "accuracy": 0.85246,
  "final_loss": 0.5470379469416026,
  "weights": {
    "positive_mean": 2.0599563121795654,
    "negative_mean": -1.0301823616027832,
    "weight_std": 1.375298261642456,
    "weight_range": 3.7895212173461914
  },
  "score_stats": {
    "mean": 0.16260385513305664,
    "std": 0.5867540836334229,
    "min": -1.8656280040740967,
    "max": 2.052609920501709
  },
  "topic_scores": {
    "sports": 0.3846828043460846,
    "tech": -0.15251019597053528,
    "politics_L": 0.13952681422233582,
    "politics_R": 0.11418475210666656,
    "entertainment": 0.6610629558563232,
    "news": -0.19208279252052307
  },
  "config": {
    "margin": 0.5,
    "calibration_weight": 1.5,
    "constraint_weight": 10.0
  },
  "training_time_seconds": 286.6344623565674,
  "weights_vector": [
    2.1164116859436035,
    2.503403902053833,
    2.426386594772339,
    -1.006778359413147,
    -0.8616775870323181,
    -0.7748306393623352,
    -0.9037386775016785,
    1.7518185377120972,
    -0.8985801935195923,
    -0.925366997718811,
    -1.025356411933899,
    -0.973703145980835,
    -1.0235613584518433,
    1.5017613172531128,
    -1.286117434501648,
    -0.7757871150970459,
    -1.2545040845870972,
    -0.8043208718299866
  ]
}