{
  "loss_type": "calibrated_bt",
  "stakeholder": "society",
  "accuracy": 0.95474,
  "final_loss": 0.46390556713656694,
  "weights": {
    "positive_mean": 1.0350161790847778,
    "negative_mean": -2.14605975151062,
    "weight_std": 1.1975406408309937,
    "weight_range": 4.26556396484375
  },
  "score_stats": {
    "mean": 0.011957836337387562,
    "std": 1.0314021110534668,
    "min": -2.9666316509246826,
    "max": 2.065150737762451
  },
  "topic_scores": {
    "sports": 0.9979990720748901,
    "tech": -0.08619090169668198,
    "politics_L": -1.0829412937164307,
    "politics_R": -1.0464646816253662,
    "entertainment": 1.329614281654358,
    "news": -0.11955443024635315
  },
  "config": {
    "margin": 0.5,
    "calibration_weight": 1.0,
    "constraint_weight": 10.0
  },
  "training_time_seconds": 281.08992099761963,
  "weights_vector": [
    1.5684850215911865,
    0.6882666945457458,
    0.6879138946533203,
    0.16759666800498962,
    0.3067433834075928,
    0.37350404262542725,
    0.22739477455615997,
    1.3428480625152588,
    0.2800111770629883,
    0.25179094076156616,
    0.17453782260417938,
    0.31479597091674805,
    0.13474349677562714,
    0.8875671029090881,
    -1.7068850994110107,
    -2.6970787048339844,
    -1.6629880666732788,
    -2.517287015914917
  ]
}