{
  "loss_type": "constrained_bt",
  "stakeholder": "user",
  "accuracy": 0.92786,
  "final_loss": 0.34895564322276496,
  "weights": {
    "positive_mean": 2.476231098175049,
    "negative_mean": -3.426957130432129,
    "weight_std": 2.105071783065796,
    "weight_range": 7.308135032653809
  },
  "score_stats": {
    "mean": 0.30950143933296204,
    "std": 1.5563875436782837,
    "min": -4.468932151794434,
    "max": 3.7991225719451904
  },
  "topic_scores": {
    "sports": 1.7592158317565918,
    "tech": 0.009557396173477173,
    "politics_L": -1.150292158126831,
    "politics_R": -1.1186860799789429,
    "entertainment": 2.3114752769470215,
    "news": -0.07221733778715134
  },
  "config": {
    "margin": 0.5,
    "calibration_weight": 1.0,
    "constraint_weight": 5.0
  },
  "training_time_seconds": 344.1043381690979,
  "weights_vector": [
    3.1970443725585938,
    2.3082971572875977,
    2.531926393508911,
    -0.044617682695388794,
    0.08604411780834198,
    -0.02290036343038082,
    0.09494347870349884,
    2.5315628051757812,
    -0.07412035763263702,
    -0.049495428800582886,
    -0.0013299568090587854,
    -0.13243724405765533,
    -0.14364789426326752,
    1.8123252391815186,
    -2.8989529609680176,
    -4.111090660095215,
    -2.871856927871704,
    -3.8259284496307373
  ]
}