{
  "loss_type": "constrained_bt",
  "stakeholder": "platform",
  "accuracy": 0.91936,
  "final_loss": 0.4462711673106074,
  "weights": {
    "positive_mean": 4.041459083557129,
    "negative_mean": -1.4704794883728027,
    "weight_std": 2.1143102645874023,
    "weight_range": 6.12010383605957
  },
  "score_stats": {
    "mean": 3.4910237789154053,
    "std": 1.0044779777526855,
    "min": 0.1012420654296875,
    "max": 6.73853874206543
  },
  "topic_scores": {
    "sports": 3.793126344680786,
    "tech": 2.964132070541382,
    "politics_L": 3.4759600162506104,
    "politics_R": 3.4598982334136963,
    "entertainment": 4.325371742248535,
    "news": 2.8988213539123535
  },
  "config": {
    "margin": 0.5,
    "calibration_weight": 1.0,
    "constraint_weight": 2.5
  },
  "training_time_seconds": 158.69742393493652,
  "weights_vector": [
    4.5956339836120605,
    4.4054765701293945,
    4.329087257385254,
    -0.05660036578774452,
    0.12767770886421204,
    0.24167539179325104,
    0.04161633178591728,
    3.799717426300049,
    -0.045888666063547134,
    -0.023089775815606117,
    -0.1239388957619667,
    -0.0661759227514267,
    -0.04698152840137482,
    3.0773794651031494,
    -1.5244699716567993,
    -1.4557042121887207,
    -1.5175790786743164,
    -1.384164810180664
  ]
}