{
  "loss_type": "margin_bt",
  "stakeholder": "platform",
  "accuracy": 0.93004,
  "final_loss": 0.11989904849616158,
  "weights": {
    "positive_mean": 2.344683885574341,
    "negative_mean": -0.7299667596817017,
    "weight_std": 1.188717246055603,
    "weight_range": 3.2564072608947754
  },
  "score_stats": {
    "mean": 2.0710902214050293,
    "std": 0.5510071516036987,
    "min": 0.18683922290802002,
    "max": 3.86995530128479
  },
  "topic_scores": {
    "sports": 2.194960117340088,
    "tech": 1.7782963514328003,
    "politics_L": 2.0894081592559814,
    "politics_R": 2.0818686485290527,
    "entertainment": 2.49566388130188,
    "news": 1.7730084657669067
  },
  "config": {
    "margin": 0.35,
    "calibration_weight": 1.0,
    "constraint_weight": 10.0
  },
  "training_time_seconds": 212.87508606910706,
  "weights_vector": [
    2.4486966133117676,
    2.4095711708068848,
    2.3780572414398193,
    0.026019452139735222,
    0.02554257959127426,
    0.13318604230880737,
    -0.007737138774245977,
    2.3493266105651855,
    -0.04867485165596008,
    -0.0337911956012249,
    -0.10520924627780914,
    -0.030837394297122955,
    0.02317965216934681,
    2.137768030166626,
    -0.6906474828720093,
    -0.73363196849823,
    -0.8077107071876526,
    -0.6878769397735596
  ]
}