{
  "loss_type": "margin_bt",
  "stakeholder": "user",
  "accuracy": 0.93858,
  "final_loss": 0.7053898076724519,
  "weights": {
    "positive_mean": 4.0783257484436035,
    "negative_mean": -5.055675506591797,
    "weight_std": 3.24442982673645,
    "weight_range": 10.928972244262695
  },
  "score_stats": {
    "mean": 0.9341985583305359,
    "std": 2.2856574058532715,
    "min": -6.242321491241455,
    "max": 6.226871013641357
  },
  "topic_scores": {
    "sports": 3.0198800563812256,
    "tech": 0.43862202763557434,
    "politics_L": -1.1322932243347168,
    "politics_R": -1.090755581855774,
    "entertainment": 3.867696762084961,
    "news": 0.33121544122695923
  },
  "config": {
    "margin": 2.0,
    "calibration_weight": 1.0,
    "constraint_weight": 10.0
  },
  "training_time_seconds": 144.11527609825134,
  "weights_vector": [
    4.985805034637451,
    3.893829107284546,
    4.140889644622803,
    -0.1211148351430893,
    0.13089869916439056,
    -0.033986978232860565,
    0.14999286830425262,
    4.159099578857422,
    -0.10697612166404724,
    -0.021288156509399414,
    -0.013305569998919964,
    -0.11654400080442429,
    -0.2228812277317047,
    3.212003469467163,
    -4.367735862731934,
    -5.943167209625244,
    -4.233898639678955,
    -5.677899360656738
  ]
}