{
  "loss_type": "margin_bt",
  "stakeholder": "user",
  "accuracy": 0.95868,
  "final_loss": 0.08754527574533696,
  "weights": {
    "positive_mean": 1.592110514640808,
    "negative_mean": -1.654464602470398,
    "weight_std": 1.1467536687850952,
    "weight_range": 3.5110034942626953
  },
  "score_stats": {
    "mean": 0.5873229503631592,
    "std": 0.7255769371986389,
    "min": -1.8108816146850586,
    "max": 2.3952219486236572
  },
  "topic_scores": {
    "sports": 1.2202399969100952,
    "tech": 0.38299068808555603,
    "politics_L": -0.005923206452280283,
    "politics_R": 0.004039007239043713,
    "entertainment": 1.5086452960968018,
    "news": 0.3609654903411865
  },
  "config": {
    "margin": 0.35,
    "calibration_weight": 1.0,
    "constraint_weight": 10.0
  },
  "training_time_seconds": 210.74355387687683,
  "weights_vector": [
    1.6946380138397217,
    1.5923848152160645,
    1.6062004566192627,
    0.01988157629966736,
    8.323963265866041e-05,
    -0.05712404474616051,
    0.07855382561683655,
    1.6003525257110596,
    0.0037656708154827356,
    -0.07829698175191879,
    0.03324010223150253,
    -0.10124257206916809,
    -0.07225927710533142,
    1.4669770002365112,
    -1.501538872718811,
    -1.8163655996322632,
    -1.5632842779159546,
    -1.736669659614563
  ]
}