{
  "loss_type": "margin_bt",
  "stakeholder": "user",
  "accuracy": 0.9598,
  "final_loss": 0.04240863025188446,
  "weights": {
    "positive_mean": 1.1027473211288452,
    "negative_mean": -1.1313233375549316,
    "weight_std": 0.7891976833343506,
    "weight_range": 2.3982954025268555
  },
  "score_stats": {
    "mean": 0.4272630512714386,
    "std": 0.49374082684516907,
    "min": -1.2120072841644287,
    "max": 1.6662702560424805
  },
  "topic_scores": {
    "sports": 0.8560367226600647,
    "tech": 0.28439661860466003,
    "politics_L": 0.02853962779045105,
    "politics_R": 0.03527992218732834,
    "entertainment": 1.053309679031372,
    "news": 0.2700303792953491
  },
  "config": {
    "margin": 0.15,
    "calibration_weight": 1.0,
    "constraint_weight": 10.0
  },
  "training_time_seconds": 177.43062472343445,
  "weights_vector": [
    1.1597734689712524,
    1.1077173948287964,
    1.1103521585464478,
    0.03195979446172714,
    -0.013999269343912601,
    -0.04926960542798042,
    0.07181807607412338,
    1.1051746606826782,
    0.00590957747772336,
    -0.06437787413597107,
    0.06570438295602798,
    -0.07448864728212357,
    -0.04313680902123451,
    1.0307188034057617,
    -1.0205976963043213,
    -1.238521933555603,
    -1.110214114189148,
    -1.1559594869613647
  ]
}