{
  "loss_type": "margin_bt",
  "stakeholder": "user",
  "accuracy": 0.95958,
  "final_loss": 0.025941952610450326,
  "weights": {
    "positive_mean": 0.8589165806770325,
    "negative_mean": -0.8804402351379395,
    "weight_std": 0.6146393418312073,
    "weight_range": 1.8716402053833008
  },
  "score_stats": {
    "mean": 0.3402417004108429,
    "std": 0.3838355839252472,
    "min": -0.9350985884666443,
    "max": 1.305911660194397
  },
  "topic_scores": {
    "sports": 0.6735035181045532,
    "tech": 0.22854912281036377,
    "politics_L": 0.031157778576016426,
    "politics_R": 0.0364641509950161,
    "entertainment": 0.826725959777832,
    "news": 0.21707364916801453
  },
  "config": {
    "margin": 0.05,
    "calibration_weight": 1.0,
    "constraint_weight": 10.0
  },
  "training_time_seconds": 185.70494103431702,
  "weights_vector": [
    0.9032981991767883,
    0.8624935746192932,
    0.8690319061279297,
    0.041189439594745636,
    -0.018125329166650772,
    -0.03940314054489136,
    0.061925940215587616,
    0.8597639203071594,
    0.007174813654273748,
    -0.05677405744791031,
    0.07793339341878891,
    -0.056162308901548386,
    -0.03560476005077362,
    0.7999953627586365,
    -0.7921820878982544,
    -0.9683420658111572,
    -0.8739718794822693,
    -0.8872649669647217
  ]
}