{
  "loss_type": "margin_bt",
  "stakeholder": "platform",
  "accuracy": 0.93006,
  "final_loss": 0.17585816353445163,
  "weights": {
    "positive_mean": 2.8816092014312744,
    "negative_mean": -0.9097556471824646,
    "weight_std": 1.4635051488876343,
    "weight_range": 3.9963459968566895
  },
  "score_stats": {
    "mean": 2.542855978012085,
    "std": 0.6795190572738647,
    "min": 0.2202531099319458,
    "max": 4.761744499206543
  },
  "topic_scores": {
    "sports": 2.6994879245758057,
    "tech": 2.18276047706604,
    "politics_L": 2.5631914138793945,
    "politics_R": 2.5535974502563477,
    "entertainment": 3.0679759979248047,
    "news": 2.173445463180542
  },
  "config": {
    "margin": 0.5,
    "calibration_weight": 1.0,
    "constraint_weight": 10.0
  },
  "training_time_seconds": 147.79469895362854,
  "weights_vector": [
    3.013518810272217,
    2.988262891769409,
    2.9345619678497314,
    0.037457551807165146,
    0.05571603402495384,
    0.14721813797950745,
    -0.012682446278631687,
    2.867492437362671,
    -0.043867211788892746,
    -0.055311501026153564,
    -0.11908701062202454,
    -0.031950026750564575,
    0.02097534015774727,
    2.604208469390869,
    -0.8835890889167786,
    -0.921737015247345,
    -0.9828271269798279,
    -0.8508692979812622
  ]
}