{
  "loss_type": "margin_bt",
  "stakeholder": "user",
  "accuracy": 0.95078,
  "final_loss": 0.295954293797693,
  "weights": {
    "positive_mean": 2.8325016498565674,
    "negative_mean": -3.179063081741333,
    "weight_std": 2.1265335083007812,
    "weight_range": 6.808752059936523
  },
  "score_stats": {
    "mean": 0.8662776947021484,
    "std": 1.4148820638656616,
    "min": -3.708773136138916,
    "max": 4.271677017211914
  },
  "topic_scores": {
    "sports": 2.12910532951355,
    "tech": 0.5123345851898193,
    "politics_L": -0.35053202509880066,
    "politics_R": -0.32873407006263733,
    "entertainment": 2.672736167907715,
    "news": 0.458179235458374
  },
  "config": {
    "margin": 1.0,
    "calibration_weight": 1.0,
    "constraint_weight": 10.0
  },
  "training_time_seconds": 167.342533826828,
  "weights_vector": [
    3.204456329345703,
    2.7807865142822266,
    2.887483596801758,
    -0.02977541834115982,
    0.046388380229473114,
    -0.04246196523308754,
    0.08430041372776031,
    2.8547916412353516,
    -0.030863238498568535,
    -0.058403171598911285,
    -0.015049893409013748,
    -0.11983208358287811,
    -0.1870810091495514,
    2.434990167617798,
    -2.8364646434783936,
    -3.6042959690093994,
    -2.7814648151397705,
    -3.4940266609191895
  ]
}