{
  "loss_type": "margin_bt",
  "stakeholder": "platform",
  "accuracy": 0.93014,
  "final_loss": 0.08691305836753162,
  "weights": {
    "positive_mean": 1.9695860147476196,
    "negative_mean": -0.6096397638320923,
    "weight_std": 0.9982393980026245,
    "weight_range": 2.750995635986328
  },
  "score_stats": {
    "mean": 1.738052248954773,
    "std": 0.46237465739250183,
    "min": 0.157035231590271,
    "max": 3.2448627948760986
  },
  "topic_scores": {
    "sports": 1.8415968418121338,
    "tech": 1.4918341636657715,
    "politics_L": 1.753098726272583,
    "politics_R": 1.7469426393508911,
    "entertainment": 2.0952842235565186,
    "news": 1.4883664846420288
  },
  "config": {
    "margin": 0.25,
    "calibration_weight": 1.0,
    "constraint_weight": 10.0
  },
  "training_time_seconds": 242.9155650138855,
  "weights_vector": [
    2.0637850761413574,
    2.007586717605591,
    1.9940658807754517,
    0.014576325193047523,
    0.00624430226162076,
    0.11869402974843979,
    -0.003564142622053623,
    1.9803144931793213,
    -0.05374317616224289,
    -0.018679937347769737,
    -0.09189959615468979,
    -0.02700633741915226,
    0.020862910896539688,
    1.8021782636642456,
    -0.5644168853759766,
    -0.6080524325370789,
    -0.6872106790542603,
    -0.5788789987564087
  ]
}