{
  "loss_type": "margin_bt",
  "stakeholder": "platform",
  "accuracy": 0.92144,
  "final_loss": 0.9500465696425084,
  "weights": {
    "positive_mean": 6.777691841125488,
    "negative_mean": -2.4320058822631836,
    "weight_std": 3.531243324279785,
    "weight_range": 10.134695053100586
  },
  "score_stats": {
    "mean": 5.8442511558532715,
    "std": 1.667945146560669,
    "min": 0.21059250831604004,
    "max": 11.241339683532715
  },
  "topic_scores": {
    "sports": 6.333083629608154,
    "tech": 4.964599609375,
    "politics_L": 5.835185527801514,
    "politics_R": 5.805575370788574,
    "entertainment": 7.2041850090026855,
    "news": 4.875295639038086
  },
  "config": {
    "margin": 2.0,
    "calibration_weight": 1.0,
    "constraint_weight": 10.0
  },
  "training_time_seconds": 143.62714314460754,
  "weights_vector": [
    7.5632524490356445,
    7.3538665771484375,
    7.25013542175293,
    -0.0519644059240818,
    0.18684646487236023,
    0.23141539096832275,
    0.007149695418775082,
    6.274423122406006,
    0.027364617213606834,
    -0.09072829782962799,
    -0.19546917080879211,
    -0.09207332134246826,
    -0.07680688798427582,
    5.446778774261475,
    -2.571442127227783,
    -2.400301456451416,
    -2.472830295562744,
    -2.283450126647949
  ]
}