{
  "loss_type": "margin_bt",
  "stakeholder": "user",
  "accuracy": 0.95948,
  "final_loss": 0.0335804967583655,
  "weights": {
    "positive_mean": 0.9791792631149292,
    "negative_mean": -1.0035628080368042,
    "weight_std": 0.7005013823509216,
    "weight_range": 2.1293787956237793
  },
  "score_stats": {
    "mean": 0.3836759030818939,
    "std": 0.43763813376426697,
    "min": -1.0701522827148438,
    "max": 1.4834129810333252
  },
  "topic_scores": {
    "sports": 0.7636144161224365,
    "tech": 0.256544291973114,
    "politics_L": 0.03091106191277504,
    "politics_R": 0.03691663593053818,
    "entertainment": 0.9384474158287048,
    "news": 0.2437259405851364
  },
  "config": {
    "margin": 0.1,
    "calibration_weight": 1.0,
    "constraint_weight": 10.0
  },
  "training_time_seconds": 177.09073996543884,
  "weights_vector": [
    1.0290031433105469,
    0.9836836457252502,
    0.9876407384872437,
    0.036248043179512024,
    -0.016471894457936287,
    -0.04460612311959267,
    0.06730791181325912,
    0.980502724647522,
    0.00607416033744812,
    -0.06036495417356491,
    0.07262412458658218,
    -0.06522707641124725,
    -0.0389789417386055,
    0.9150660634040833,
    -0.9039379954338074,
    -1.1003756523132324,
    -0.9919359683990479,
    -1.018001914024353
  ]
}