{
  "loss_type": "margin_bt",
  "stakeholder": "user",
  "accuracy": 0.9595,
  "final_loss": 0.0632279716655993,
  "weights": {
    "positive_mean": 1.3513951301574707,
    "negative_mean": -1.393057107925415,
    "weight_std": 0.9693869948387146,
    "weight_range": 2.9529500007629395
  },
  "score_stats": {
    "mean": 0.5115892887115479,
    "std": 0.6093730330467224,
    "min": -1.507727861404419,
    "max": 2.0358874797821045
  },
  "topic_scores": {
    "sports": 1.0416545867919922,
    "tech": 0.3373495936393738,
    "politics_L": 0.01681331917643547,
    "politics_R": 0.025117669254541397,
    "entertainment": 1.2847559452056885,
    "news": 0.31940728425979614
  },
  "config": {
    "margin": 0.25,
    "calibration_weight": 1.0,
    "constraint_weight": 10.0
  },
  "training_time_seconds": 194.0399718284607,
  "weights_vector": [
    1.4279061555862427,
    1.3552370071411133,
    1.360305905342102,
    0.025507528334856033,
    -0.007187499664723873,
    -0.055391885340213776,
    0.0774097815155983,
    1.3569799661636353,
    0.005826898384839296,
    -0.07224047929048538,
    0.0495489276945591,
    -0.09073291718959808,
    -0.05497864633798599,
    1.256546974182129,
    -1.2611349821090698,
    -1.5250439643859863,
    -1.341955542564392,
    -1.4440934658050537
  ]
}