{
  "loss_type": "margin_bt",
  "stakeholder": "user",
  "accuracy": 0.95434,
  "final_loss": 0.2080352408978183,
  "weights": {
    "positive_mean": 2.414574146270752,
    "negative_mean": -2.6312575340270996,
    "weight_std": 1.7835239171981812,
    "weight_range": 5.617501735687256
  },
  "score_stats": {
    "mean": 0.7910102605819702,
    "std": 1.1649672985076904,
    "min": -3.007833242416382,
    "max": 3.633037567138672
  },
  "topic_scores": {
    "sports": 1.8224488496780396,
    "tech": 0.4862157106399536,
    "politics_L": -0.19309574365615845,
    "politics_R": -0.17595995962619781,
    "entertainment": 2.2757046222686768,
    "news": 0.4450019896030426
  },
  "config": {
    "margin": 0.75,
    "calibration_weight": 1.0,
    "constraint_weight": 10.0
  },
  "training_time_seconds": 155.17457103729248,
  "weights_vector": [
    2.6708157062530518,
    2.3861262798309326,
    2.4568586349487305,
    -0.00925402995198965,
    0.025345003232359886,
    -0.0491049662232399,
    0.07514549046754837,
    2.429417371749878,
    -0.01855994015932083,
    -0.07406429946422577,
    -0.005964293144643307,
    -0.11442645639181137,
    -0.1535913050174713,
    2.1296534538269043,
    -2.3727543354034424,
    -2.946686029434204,
    -2.351254940032959,
    -2.854334592819214
  ]
}