{
  "loss_type": "margin_bt",
  "stakeholder": "society",
  "accuracy": 0.96968,
  "final_loss": 0.10789302834655012,
  "weights": {
    "positive_mean": 0.7553994059562683,
    "negative_mean": -2.548434257507324,
    "weight_std": 1.2355153560638428,
    "weight_range": 4.101779937744141
  },
  "score_stats": {
    "mean": -0.9449208974838257,
    "std": 1.1734199523925781,
    "min": -4.1384196281433105,
    "max": 1.1569604873657227
  },
  "topic_scores": {
    "sports": 0.21779024600982666,
    "tech": -1.0349832773208618,
    "politics_L": -2.2263071537017822,
    "politics_R": -2.1882200241088867,
    "entertainment": 0.5450726747512817,
    "news": -1.0762701034545898
  },
  "config": {
    "margin": 0.5,
    "calibration_weight": 1.0,
    "constraint_weight": 10.0
  },
  "training_time_seconds": 171.07221484184265,
  "weights_vector": [
    1.1531656980514526,
    0.5144305229187012,
    0.4250906705856323,
    -0.09210651367902756,
    0.020969899371266365,
    0.11183775961399078,
    0.025748541578650475,
    1.0565568208694458,
    0.06613677740097046,
    -0.052561838179826736,
    -0.09998751431703568,
    0.08666641265153885,
    -0.1404058188199997,
    0.6277533769607544,
    -2.2223050594329834,
    -2.9486143589019775,
    -2.181253671646118,
    -2.8415639400482178
  ]
}