{
  "loss_type": "margin_bt",
  "stakeholder": "platform",
  "accuracy": 0.92354,
  "final_loss": 0.6617975067680754,
  "weights": {
    "positive_mean": 5.677234649658203,
    "negative_mean": -1.9719926118850708,
    "weight_std": 2.936342477798462,
    "weight_range": 8.271830558776855
  },
  "score_stats": {
    "mean": 4.925842761993408,
    "std": 1.3806689977645874,
    "min": 0.24715733528137207,
    "max": 9.407638549804688
  },
  "topic_scores": {
    "sports": 5.307656288146973,
    "tech": 4.197166442871094,
    "politics_L": 4.9323530197143555,
    "politics_R": 4.908761501312256,
    "entertainment": 6.0345282554626465,
    "news": 4.136693000793457
  },
  "config": {
    "margin": 1.5,
    "calibration_weight": 1.0,
    "constraint_weight": 10.0
  },
  "training_time_seconds": 142.29715490341187,
  "weights_vector": [
    6.221962928771973,
    6.1044392585754395,
    5.994940757751465,
    -0.002514628693461418,
    0.16852161288261414,
    0.18390235304832458,
    0.005147716961801052,
    5.347965240478516,
    -0.006637821905314922,
    -0.09047868847846985,
    -0.1874144971370697,
    -0.0675705298781395,
    -0.03917238488793373,
    4.7168660163879395,
    -2.049867630004883,
    -1.967118740081787,
    -2.028465986251831,
    -1.8425179719924927
  ]
}