{
  "loss_type": "margin_bt",
  "stakeholder": "society",
  "accuracy": 0.97418,
  "final_loss": 0.052253806489565034,
  "weights": {
    "positive_mean": 0.5175024271011353,
    "negative_mean": -1.7965614795684814,
    "weight_std": 0.8614782094955444,
    "weight_range": 2.754396438598633
  },
  "score_stats": {
    "mean": -0.6733121871948242,
    "std": 0.8093493580818176,
    "min": -2.866750717163086,
    "max": 0.7558335065841675
  },
  "topic_scores": {
    "sports": 0.13603197038173676,
    "tech": -0.7430179119110107,
    "politics_L": -1.5523157119750977,
    "politics_R": -1.5272185802459717,
    "entertainment": 0.35388660430908203,
    "news": -0.7724449634552002
  },
  "config": {
    "margin": 0.25,
    "calibration_weight": 1.0,
    "constraint_weight": 10.0
  },
  "training_time_seconds": 200.3324601650238,
  "weights_vector": [
    0.7408683896064758,
    0.3918243646621704,
    0.3419259190559387,
    -0.03587309643626213,
    -0.012718729674816132,
    0.0583123154938221,
    0.0066788108088076115,
    0.6759359836578369,
    0.06204117834568024,
    -0.0376288928091526,
    -0.06979703903198242,
    0.07540053874254227,
    -0.10267876833677292,
    0.43695735931396484,
    -1.6218233108520508,
    -2.0135281085968018,
    -1.581796646118164,
    -1.96909761428833
  ]
}