{
  "loss_type": "margin_bt",
  "stakeholder": "platform",
  "accuracy": 0.92924,
  "final_loss": 0.04623137523784586,
  "weights": {
    "positive_mean": 1.4049865007400513,
    "negative_mean": -0.43844446539878845,
    "weight_std": 0.7139909267425537,
    "weight_range": 2.0004546642303467
  },
  "score_stats": {
    "mean": 1.2310783863067627,
    "std": 0.33080390095710754,
    "min": 0.10010379552841187,
    "max": 2.307386875152588
  },
  "topic_scores": {
    "sports": 1.3086888790130615,
    "tech": 1.0544596910476685,
    "politics_L": 1.2372407913208008,
    "politics_R": 1.23317289352417,
    "entertainment": 1.4922194480895996,
    "news": 1.0523858070373535
  },
  "config": {
    "margin": 0.1,
    "calibration_weight": 1.0,
    "constraint_weight": 10.0
  },
  "training_time_seconds": 197.23571491241455,
  "weights_vector": [
    1.4937833547592163,
    1.4057292938232422,
    1.4232004880905151,
    -0.0023474679328501225,
    -0.01694810390472412,
    0.0908224880695343,
    0.00023009534925222397,
    1.4188580513000488,
    -0.06056486815214157,
    -0.0026571587659418583,
    -0.06240580976009369,
    -0.015321366488933563,
    0.010594870895147324,
    1.2833610773086548,
    -0.3923105001449585,
    -0.4308866858482361,
    -0.5066713690757751,
    -0.42390936613082886
  ]
}