{
  "loss_type": "margin_bt",
  "stakeholder": "platform",
  "accuracy": 0.92928,
  "final_loss": 0.05842233798407075,
  "weights": {
    "positive_mean": 1.5904481410980225,
    "negative_mean": -0.4933203458786011,
    "weight_std": 0.8070410490036011,
    "weight_range": 2.246678352355957
  },
  "score_stats": {
    "mean": 1.3983365297317505,
    "std": 0.37378358840942383,
    "min": 0.12046670913696289,
    "max": 2.6155989170074463
  },
  "topic_scores": {
    "sports": 1.4838690757751465,
    "tech": 1.1988935470581055,
    "politics_L": 1.4079545736312866,
    "politics_R": 1.4031968116760254,
    "entertainment": 1.6903640031814575,
    "news": 1.1965340375900269
  },
  "config": {
    "margin": 0.15,
    "calibration_weight": 1.0,
    "constraint_weight": 10.0
  },
  "training_time_seconds": 201.80097222328186,
  "weights_vector": [
    1.6805601119995117,
    1.6026885509490967,
    1.6098716259002686,
    0.002623100997880101,
    -0.010370619595050812,
    0.10051748901605606,
    -0.00027875532396137714,
    1.603466272354126,
    -0.05908016860485077,
    -0.006199287716299295,
    -0.07346849143505096,
    -0.019860560074448586,
    0.014875492081046104,
    1.4556546211242676,
    -0.44623425602912903,
    -0.4873581528663635,
    -0.5661181807518005,
    -0.47357088327407837
  ]
}