{
  "loss_type": "margin_bt",
  "stakeholder": "user",
  "accuracy": 0.94498,
  "final_loss": 0.49103654252217555,
  "weights": {
    "positive_mean": 3.5258193016052246,
    "negative_mean": -4.166292667388916,
    "weight_std": 2.7262814044952393,
    "weight_range": 8.977848052978516
  },
  "score_stats": {
    "mean": 0.9441874623298645,
    "std": 1.8704230785369873,
    "min": -5.012895107269287,
    "max": 5.3483662605285645
  },
  "topic_scores": {
    "sports": 2.6340503692626953,
    "tech": 0.510662317276001,
    "politics_L": -0.7095209956169128,
    "politics_R": -0.6780232191085815,
    "entertainment": 3.3392724990844727,
    "news": 0.42961645126342773
  },
  "config": {
    "margin": 1.5,
    "calibration_weight": 1.0,
    "constraint_weight": 10.0
  },
  "training_time_seconds": 143.92754793167114,
  "weights_vector": [
    4.154525279998779,
    3.4174909591674805,
    3.5920984745025635,
    -0.07537705451250076,
    0.08892784267663956,
    -0.033580128103494644,
    0.11803662776947021,
    3.5748791694641113,
    -0.05781833454966545,
    -0.039162300527095795,
    -0.025271238759160042,
    -0.11523254215717316,
    -0.21381214261054993,
    2.8901026248931885,
    -3.656118154525757,
    -4.823322772979736,
    -3.542923927307129,
    -4.6428046226501465
  ]
}