{
  "loss_type": "margin_bt",
  "stakeholder": "society",
  "accuracy": 0.97532,
  "final_loss": 0.034784886030875664,
  "weights": {
    "positive_mean": 0.41645702719688416,
    "negative_mean": -1.469219446182251,
    "weight_std": 0.701616108417511,
    "weight_range": 2.218782901763916
  },
  "score_stats": {
    "mean": -0.5585274696350098,
    "std": 0.6580807566642761,
    "min": -2.3388824462890625,
    "max": 0.594773530960083
  },
  "topic_scores": {
    "sports": 0.1014799252152443,
    "tech": -0.6164079308509827,
    "politics_L": -1.2723549604415894,
    "politics_R": -1.2523622512817383,
    "entertainment": 0.2759692072868347,
    "news": -0.6406978368759155
  },
  "config": {
    "margin": 0.15,
    "calibration_weight": 1.0,
    "constraint_weight": 10.0
  },
  "training_time_seconds": 187.5659899711609,
  "weights_vector": [
    0.5825327038764954,
    0.3244593143463135,
    0.29234710335731506,
    -0.013998590409755707,
    -0.01585341989994049,
    0.037560898810625076,
    -0.0009046225459314883,
    0.5342187285423279,
    0.05814741179347038,
    -0.02955023944377899,
    -0.0610896460711956,
    0.0646960511803627,
    -0.09983141720294952,
    0.34872737526893616,
    -1.3316859006881714,
    -1.6362501382827759,
    -1.3064690828323364,
    -1.6024723052978516
  ]
}