{
  "loss_type": "margin_bt",
  "stakeholder": "society",
  "accuracy": 0.97522,
  "final_loss": 0.021136267690697822,
  "weights": {
    "positive_mean": 0.3186630606651306,
    "negative_mean": -1.1438286304473877,
    "weight_std": 0.5448566675186157,
    "weight_range": 1.7210826873779297
  },
  "score_stats": {
    "mean": -0.44330620765686035,
    "std": 0.512543261051178,
    "min": -1.8287221193313599,
    "max": 0.44831883907318115
  },
  "topic_scores": {
    "sports": 0.0711912289261818,
    "tech": -0.4876198172569275,
    "politics_L": -0.9995852708816528,
    "politics_R": -0.9842205047607422,
    "entertainment": 0.20583173632621765,
    "news": -0.5068945288658142
  },
  "config": {
    "margin": 0.05,
    "calibration_weight": 1.0,
    "constraint_weight": 10.0
  },
  "training_time_seconds": 191.16572308540344,
  "weights_vector": [
    0.44163498282432556,
    0.24876615405082703,
    0.23314021527767181,
    0.0005775095196440816,
    -0.012877530418336391,
    0.021688314154744148,
    -0.004862650763243437,
    0.412644624710083,
    0.05198286101222038,
    -0.018511302769184113,
    -0.05440885201096535,
    0.05276160314679146,
    -0.09650718420743942,
    0.25712940096855164,
    -1.028759241104126,
    -1.2794476747512817,
    -1.0192420482635498,
    -1.2478656768798828
  ]
}