{
  "loss_type": "margin_bt",
  "stakeholder": "society",
  "accuracy": 0.97232,
  "final_loss": 0.07278537520629061,
  "weights": {
    "positive_mean": 0.6166014671325684,
    "negative_mean": -2.1106722354888916,
    "weight_std": 1.0168176889419556,
    "weight_range": 3.299769163131714
  },
  "score_stats": {
    "mean": -0.7841039896011353,
    "std": 0.9588980674743652,
    "min": -3.3877105712890625,
    "max": 0.9204998016357422
  },
  "topic_scores": {
    "sports": 0.17122724652290344,
    "tech": -0.8634223341941833,
    "politics_L": -1.8276671171188354,
    "politics_R": -1.7973064184188843,
    "entertainment": 0.43346336483955383,
    "news": -0.8977987170219421
  },
  "config": {
    "margin": 0.35,
    "calibration_weight": 1.0,
    "constraint_weight": 10.0
  },
  "training_time_seconds": 175.45150208473206,
  "weights_vector": [
    0.9062840342521667,
    0.44838327169418335,
    0.38126349449157715,
    -0.05897800624370575,
    -0.0022140447981655598,
    0.08066951483488083,
    0.015656709671020508,
    0.8282808065414429,
    0.06416863948106766,
    -0.04360280930995941,
    -0.08129493147134781,
    0.08280779421329498,
    -0.11178220808506012,
    0.5187957286834717,
    -1.8834121227264404,
    -2.3934850692749023,
    -1.83693265914917,
    -2.3288586139678955
  ]
}