{
  "loss_type": "margin_bt",
  "stakeholder": "society",
  "accuracy": 0.95996,
  "final_loss": 0.41124264215645584,
  "weights": {
    "positive_mean": 1.3597139120101929,
    "negative_mean": -4.791931629180908,
    "weight_std": 2.3578717708587646,
    "weight_range": 8.492581367492676
  },
  "score_stats": {
    "mean": -1.9360802173614502,
    "std": 2.333662271499634,
    "min": -8.325079917907715,
    "max": 2.252223253250122
  },
  "topic_scores": {
    "sports": 0.33817240595817566,
    "tech": -2.046529769897461,
    "politics_L": -4.528436660766602,
    "politics_R": -4.446963310241699,
    "entertainment": 1.0098557472229004,
    "news": -2.1237850189208984
  },
  "config": {
    "margin": 1.5,
    "calibration_weight": 1.0,
    "constraint_weight": 10.0
  },
  "training_time_seconds": 144.94523286819458,
  "weights_vector": [
    2.4770278930664062,
    0.594453752040863,
    0.48513263463974,
    -0.2848580479621887,
    0.11035367101430893,
    0.25031110644340515,
    0.08912385255098343,
    2.200007200241089,
    0.06983469426631927,
    -0.08618122339248657,
    -0.1829828917980194,
    0.04840255156159401,
    -0.30717140436172485,
    1.041947841644287,
    -3.7797560691833496,
    -6.0155534744262695,
    -3.783841371536255,
    -5.58857536315918
  ]
}