{
  "loss_type": "margin_bt",
  "stakeholder": "platform",
  "accuracy": 0.92722,
  "final_loss": 0.39989321680782397,
  "weights": {
    "positive_mean": 4.4177141189575195,
    "negative_mean": -1.4682700634002686,
    "weight_std": 2.264174461364746,
    "weight_range": 6.254819869995117
  },
  "score_stats": {
    "mean": 3.8643717765808105,
    "std": 1.0583527088165283,
    "min": 0.26315033435821533,
    "max": 7.310678482055664
  },
  "topic_scores": {
    "sports": 4.134370803833008,
    "tech": 3.305636405944824,
    "politics_L": 3.8814010620117188,
    "politics_R": 3.8647475242614746,
    "entertainment": 4.698636531829834,
    "news": 3.2738420963287354
  },
  "config": {
    "margin": 1.0,
    "calibration_weight": 1.0,
    "constraint_weight": 10.0
  },
  "training_time_seconds": 165.88077521324158,
  "weights_vector": [
    4.72786283493042,
    4.679567813873291,
    4.585282802581787,
    0.033773329108953476,
    0.13588818907737732,
    0.16075831651687622,
    -0.006366475950926542,
    4.269662857055664,
    -0.033227309584617615,
    -0.09525705128908157,
    -0.15784896910190582,
    -0.040715012699365616,
    -0.007059877272695303,
    3.826193332672119,
    -1.4931248426437378,
    -1.4888839721679688,
    -1.5269569158554077,
    -1.36411452293396
  ]
}