{
  "loss_type": "margin_bt",
  "stakeholder": "user",
  "accuracy": 0.95714,
  "final_loss": 0.12905507414218256,
  "weights": {
    "positive_mean": 1.927079439163208,
    "negative_mean": -2.0355517864227295,
    "weight_std": 1.3998987674713135,
    "weight_range": 4.329555511474609
  },
  "score_stats": {
    "mean": 0.6804566383361816,
    "std": 0.8960070610046387,
    "min": -2.2671759128570557,
    "max": 2.8970723152160645
  },
  "topic_scores": {
    "sports": 1.4662928581237793,
    "tech": 0.43467265367507935,
    "politics_L": -0.06098733842372894,
    "politics_R": -0.04841487482190132,
    "entertainment": 1.819737434387207,
    "news": 0.4058268964290619
  },
  "config": {
    "margin": 0.5,
    "calibration_weight": 1.0,
    "constraint_weight": 10.0
  },
  "training_time_seconds": 163.7186257839203,
  "weights_vector": [
    2.0795483589172363,
    1.918737530708313,
    1.95255708694458,
    0.010026215575635433,
    0.009272963739931583,
    -0.054939787834882736,
    0.07607264816761017,
    1.9377115964889526,
    -0.003427516669034958,
    -0.08221933990716934,
    0.012969139963388443,
    -0.10842103511095047,
    -0.10401585698127747,
    1.7468420267105103,
    -1.8483144044876099,
    -2.250007390975952,
    -1.875402808189392,
    -2.1684823036193848
  ]
}