{
  "loss_type": "margin_bt",
  "stakeholder": "platform",
  "accuracy": 0.92842,
  "final_loss": 0.28192670433722494,
  "weights": {
    "positive_mean": 3.6950812339782715,
    "negative_mean": -1.1966911554336548,
    "weight_std": 1.8845988512039185,
    "weight_range": 5.163638114929199
  },
  "score_stats": {
    "mean": 3.2475666999816895,
    "std": 0.8779351115226746,
    "min": 0.2530553340911865,
    "max": 6.1108012199401855
  },
  "topic_scores": {
    "sports": 3.460524559020996,
    "tech": 2.7836434841156006,
    "politics_L": 3.2675697803497314,
    "politics_R": 3.254495859146118,
    "entertainment": 3.9324593544006348,
    "news": 2.7645106315612793
  },
  "config": {
    "margin": 0.75,
    "calibration_weight": 1.0,
    "constraint_weight": 10.0
  },
  "training_time_seconds": 200.37282919883728,
  "weights_vector": [
    3.903740167617798,
    3.876455545425415,
    3.7963507175445557,
    0.0412462092936039,
    0.10221242904663086,
    0.15684139728546143,
    -0.014174427837133408,
    3.625642776489258,
    -0.03977453336119652,
    -0.08324073255062103,
    -0.13797645270824432,
    -0.03283236548304558,
    0.009186586365103722,
    3.2732176780700684,
    -1.1957684755325317,
    -1.2182176113128662,
    -1.2598977088928223,
    -1.1128809452056885
  ]
}