{
  "loss_type": "margin_bt",
  "stakeholder": "platform",
  "accuracy": 0.9288,
  "final_loss": 0.03561628894532657,
  "weights": {
    "positive_mean": 1.2266465425491333,
    "negative_mean": -0.3869823217391968,
    "weight_std": 0.6248047351837158,
    "weight_range": 1.7626293897628784
  },
  "score_stats": {
    "mean": 1.0695956945419312,
    "std": 0.2896915674209595,
    "min": 0.07891112565994263,
    "max": 2.0097579956054688
  },
  "topic_scores": {
    "sports": 1.1400846242904663,
    "tech": 0.9149347543716431,
    "politics_L": 1.0719420909881592,
    "politics_R": 1.068543553352356,
    "entertainment": 1.3016242980957031,
    "news": 0.912976086139679
  },
  "config": {
    "margin": 0.05,
    "calibration_weight": 1.0,
    "constraint_weight": 10.0
  },
  "training_time_seconds": 181.4459662437439,
  "weights_vector": [
    1.3134467601776123,
    1.2176939249038696,
    1.2441400289535522,
    -0.006022429093718529,
    -0.021932363510131836,
    0.08128093928098679,
    -0.0004180055111646652,
    1.2421770095825195,
    -0.060162704437971115,
    -0.0016735848039388657,
    -0.05083301290869713,
    -0.010498030111193657,
    0.0056298766285181046,
    1.1157748699188232,
    -0.34310656785964966,
    -0.37837284803390503,
    -0.4491826593875885,
    -0.3772673010826111
  ]
}