{
  "loss_type": "margin_bt",
  "stakeholder": "society",
  "accuracy": 0.96372,
  "final_loss": 0.2483458657894293,
  "weights": {
    "positive_mean": 1.119036078453064,
    "negative_mean": -3.780578374862671,
    "weight_std": 1.8545639514923096,
    "weight_range": 6.494600296020508
  },
  "score_stats": {
    "mean": -1.456577181816101,
    "std": 1.8015131950378418,
    "min": -6.378742218017578,
    "max": 1.7960546016693115
  },
  "topic_scores": {
    "sports": 0.307854026556015,
    "tech": -1.5637664794921875,
    "politics_L": -3.442779541015625,
    "politics_R": -3.381702184677124,
    "entertainment": 0.8250575661659241,
    "news": -1.6251269578933716
  },
  "config": {
    "margin": 1.0,
    "calibration_weight": 1.0,
    "constraint_weight": 10.0
  },
  "training_time_seconds": 170.24453973770142,
  "weights_vector": [
    1.8893624544143677,
    0.6240576505661011,
    0.4906272888183594,
    -0.20340077579021454,
    0.08486567437648773,
    0.19188880920410156,
    0.04432511329650879,
    1.7036596536636353,
    0.0681641697883606,
    -0.084017813205719,
    -0.14652463793754578,
    0.07184632122516632,
    -0.25519999861717224,
    0.8874736428260803,
    -3.093621015548706,
    -4.60523796081543,
    -3.086061954498291,
    -4.337392807006836
  ]
}