{
  "loss_type": "margin_bt",
  "stakeholder": "society",
  "accuracy": 0.96638,
  "final_loss": 0.17451936560099388,
  "weights": {
    "positive_mean": 0.9552456140518188,
    "negative_mean": -3.2008628845214844,
    "weight_std": 1.563414454460144,
    "weight_range": 5.3532233238220215
  },
  "score_stats": {
    "mean": -1.2052602767944336,
    "std": 1.5025416612625122,
    "min": -5.304183483123779,
    "max": 1.5040743350982666
  },
  "topic_scores": {
    "sports": 0.27321693301200867,
    "tech": -1.3064903020858765,
    "politics_L": -2.8545339107513428,
    "politics_R": -2.8044862747192383,
    "entertainment": 0.700648307800293,
    "news": -1.3583317995071411
  },
  "config": {
    "margin": 0.75,
    "calibration_weight": 1.0,
    "constraint_weight": 10.0
  },
  "training_time_seconds": 183.33270978927612,
  "weights_vector": [
    1.5399526357650757,
    0.5878351330757141,
    0.4706003963947296,
    -0.1489475518465042,
    0.0602920837700367,
    0.15556977689266205,
    0.032935693860054016,
    1.4037933349609375,
    0.06816066801548004,
    -0.06962333619594574,
    -0.12619490921497345,
    0.08159242570400238,
    -0.203083336353302,
    0.7740463018417358,
    -2.69201397895813,
    -3.8132708072662354,
    -2.6711390018463135,
    -3.627027750015259
  ]
}