{
  "loss_type": "margin_bt",
  "stakeholder": "society",
  "accuracy": 0.9572,
  "final_loss": 0.589356032402619,
  "weights": {
    "positive_mean": 1.5156011581420898,
    "negative_mean": -5.694370269775391,
    "weight_std": 2.794264554977417,
    "weight_range": 10.202280044555664
  },
  "score_stats": {
    "mean": -2.4193108081817627,
    "std": 2.810338020324707,
    "min": -10.10822582244873,
    "max": 2.568584442138672
  },
  "topic_scores": {
    "sports": 0.31631749868392944,
    "tech": -2.5273327827453613,
    "politics_L": -5.560056209564209,
    "politics_R": -5.460083961486816,
    "entertainment": 1.115779161453247,
    "news": -2.618100881576538
  },
  "config": {
    "margin": 2.0,
    "calibration_weight": 1.0,
    "constraint_weight": 10.0
  },
  "training_time_seconds": 168.30532717704773,
  "weights_vector": [
    2.9372122287750244,
    0.490760862827301,
    0.4495616555213928,
    -0.3580143451690674,
    0.15247897803783417,
    0.28380516171455383,
    0.1335771083831787,
    2.5653188228607178,
    0.05583089962601662,
    -0.0598512701690197,
    -0.20587490499019623,
    0.019025273621082306,
    -0.3237490653991699,
    1.1351526975631714,
    -4.402709007263184,
    -7.2650675773620605,
    -4.3989787101745605,
    -6.710723876953125
  ]
}