{
  "loss_type": "margin_bt",
  "stakeholder": "society",
  "accuracy": 0.9755,
  "final_loss": 0.027441842664900185,
  "weights": {
    "positive_mean": 0.3667418956756592,
    "negative_mean": -1.3048334121704102,
    "weight_std": 0.6221696734428406,
    "weight_range": 1.9630377292633057
  },
  "score_stats": {
    "mean": -0.5004672408103943,
    "std": 0.583968460559845,
    "min": -2.079359292984009,
    "max": 0.519086480140686
  },
  "topic_scores": {
    "sports": 0.08566569536924362,
    "tech": -0.551709771156311,
    "politics_L": -1.1338971853256226,
    "politics_R": -1.1162967681884766,
    "entertainment": 0.23963189125061035,
    "news": -0.5734488368034363
  },
  "config": {
    "margin": 0.1,
    "calibration_weight": 1.0,
    "constraint_weight": 10.0
  },
  "training_time_seconds": 187.3214452266693,
  "weights_vector": [
    0.5091859698295593,
    0.2872953414916992,
    0.2636430859565735,
    -0.005404476076364517,
    -0.014839362353086472,
    0.02894345298409462,
    -0.0033242281060665846,
    0.47061634063720703,
    0.055358510464429855,
    -0.02429237775504589,
    -0.05771002545952797,
    0.05875169485807419,
    -0.09869058430194855,
    0.3029687702655792,
    -1.1800881624221802,
    -1.4538516998291016,
    -1.1633471250534058,
    -1.4220468997955322
  ]
}