{
  "approach": "posthoc",
  "stakeholder": "society",
  "alpha": 0.9,
  "score_stats": {
    "mean": 1.898030720896084,
    "std": 1.4755493675430862,
    "min": -2.8913395940788176,
    "max": 5.2163483200072305
  },
  "topic_scores": {
    "sports": 3.2279108102588805,
    "tech": 1.6439860635891663,
    "politics_L": 0.5332868753948872,
    "politics_R": 0.5701728300935421,
    "entertainment": 3.735888239551354,
    "news": 1.5690715449340997
  }
}