{
  "approach": "posthoc",
  "stakeholder": "user",
  "alpha": 0.5,
  "score_stats": {
    "mean": -0.022497374564409256,
    "std": 1.7584747076034546,
    "min": -5.308664321899414,
    "max": 3.7574729919433594
  },
  "topic_scores": {
    "sports": 1.6538984775543213,
    "tech": -0.3331008851528168,
    "politics_L": -1.7237695455551147,
    "politics_R": -1.6851868629455566,
    "entertainment": 2.2406654357910156,
    "news": -0.4237430691719055
  }
}