{
  "approach": "posthoc",
  "stakeholder": "society",
  "alpha": 0.1,
  "score_stats": {
    "mean": 0.4860046979262386,
    "std": 1.5470880578809114,
    "min": -4.2750892220581385,
    "max": 3.9564357791328715
  },
  "topic_scores": {
    "sports": 1.9224041707957484,
    "tech": 0.19116058288069285,
    "politics_L": -0.9632278673668977,
    "politics_R": -0.9310351469066691,
    "entertainment": 2.469743463132882,
    "news": 0.11014808996433634
  }
}