{
  "approach": "posthoc",
  "stakeholder": "society",
  "alpha": 1.0,
  "score_stats": {
    "mean": 2.074533973767315,
    "std": 1.4669859882937049,
    "min": -2.7311744755647345,
    "max": 5.377503004073993
  },
  "topic_scores": {
    "sports": 3.3910991401917725,
    "tech": 1.8255892486777252,
    "politics_L": 0.7203512182401103,
    "politics_R": 0.7578238272185688,
    "entertainment": 3.894156336603664,
    "news": 1.7514369768053204
  }
}