{
  "approach": "posthoc",
  "stakeholder": "society",
  "alpha": 0.2,
  "score_stats": {
    "mean": 0.6625079507974693,
    "std": 1.5378646236990403,
    "min": -4.090895100245992,
    "max": 4.1137489863205525
  },
  "topic_scores": {
    "sports": 2.08559250072864,
    "tech": 0.37276376796925204,
    "politics_L": -0.7761635245216745,
    "politics_R": -0.7433841497816427,
    "entertainment": 2.628011560185191,
    "news": 0.2925135218355568
  }
}