{
  "approach": "posthoc",
  "stakeholder": "user",
  "alpha": 0.05,
  "score_stats": {
    "mean": 0.2763015627861023,
    "std": 1.576441764831543,
    "min": -4.552905559539795,
    "max": 3.7949576377868652
  },
  "topic_scores": {
    "sports": 1.748684048652649,
    "tech": -0.024708427488803864,
    "politics_L": -1.2076399326324463,
    "politics_R": -1.1753361225128174,
    "entertainment": 2.304394483566284,
    "news": -0.10736992955207825
  }
}