{
  "approach": "posthoc",
  "stakeholder": "user",
  "alpha": 0.4,
  "score_stats": {
    "mean": 0.04390238970518112,
    "std": 1.717805027961731,
    "min": -5.14071798324585,
    "max": 3.7658028602600098
  },
  "topic_scores": {
    "sports": 1.674962043762207,
    "tech": -0.2645692229270935,
    "politics_L": -1.6090739965438843,
    "politics_R": -1.571886420249939,
    "entertainment": 2.2548274993896484,
    "news": -0.3534379303455353
  }
}