{
  "approach": "posthoc",
  "stakeholder": "user",
  "alpha": 0.2,
  "score_stats": {
    "mean": 0.17670191824436188,
    "std": 1.6368253231048584,
    "min": -4.8048248291015625,
    "max": 3.7824625968933105
  },
  "topic_scores": {
    "sports": 1.7170888185501099,
    "tech": -0.12750589847564697,
    "politics_L": -1.379683017730713,
    "politics_R": -1.345286250114441,
    "entertainment": 2.283151149749756,
    "news": -0.2128276377916336
  }
}