{
  "approach": "posthoc",
  "stakeholder": "platform",
  "alpha": 0.1,
  "score_stats": {
    "mean": 0.30950143933296204,
    "std": 1.5563875436782837,
    "min": -4.468932151794434,
    "max": 3.7991225719451904
  },
  "topic_scores": {
    "sports": 1.7592158317565918,
    "tech": 0.009557396173477173,
    "politics_L": -1.150292158126831,
    "politics_R": -1.1186860799789429,
    "entertainment": 2.3114752769470215,
    "news": -0.07221733778715134
  }
}