{
  "approach": "posthoc",
  "stakeholder": "user",
  "alpha": 0.75,
  "score_stats": {
    "mean": -0.18849676847457886,
    "std": 1.8606102466583252,
    "min": -5.728530406951904,
    "max": 3.7366480827331543
  },
  "topic_scores": {
    "sports": 1.6012396812438965,
    "tech": -0.5044299960136414,
    "politics_L": -2.0105080604553223,
    "politics_R": -1.96843683719635,
    "entertainment": 2.205260753631592,
    "news": -0.5995059609413147
  }
}