{
  "approach": "posthoc",
  "stakeholder": "society",
  "alpha": 0.4,
  "score_stats": {
    "mean": 1.0155144565399306,
    "std": 1.5196515436858418,
    "min": -3.7297619259558505,
    "max": 4.428375400695915
  },
  "topic_scores": {
    "sports": 2.4119691605944236,
    "tech": 0.7359701381463705,
    "politics_L": -0.40203483883122826,
    "politics_R": -0.3680821555315898,
    "entertainment": 2.944547754289809,
    "news": 0.6572443855779976
  }
}