{
  "approach": "posthoc",
  "stakeholder": "user",
  "alpha": 0.1,
  "score_stats": {
    "mean": 0.24310167133808136,
    "std": 1.5965335369110107,
    "min": -4.636878490447998,
    "max": 3.79079270362854
  },
  "topic_scores": {
    "sports": 1.7381523847579956,
    "tech": -0.0589742586016655,
    "politics_L": -1.264987587928772,
    "politics_R": -1.2319862842559814,
    "entertainment": 2.2973132133483887,
    "news": -0.14252249896526337
  }
}