{
  "approach": "posthoc",
  "stakeholder": "society",
  "alpha": 0.05,
  "score_stats": {
    "mean": 0.3977530714906233,
    "std": 1.5517283924780476,
    "min": -4.372010686926286,
    "max": 3.8777791755390307
  },
  "topic_scores": {
    "sports": 1.8408100058293024,
    "tech": 0.10035899033641327,
    "politics_L": -1.056760038789509,
    "politics_R": -1.0248606454691822,
    "entertainment": 2.3906094146067276,
    "news": 0.0189653740287261
  }
}