{
  "approach": "posthoc",
  "stakeholder": "user",
  "alpha": 1.0,
  "score_stats": {
    "mean": -0.35449615120887756,
    "std": 1.9633225202560425,
    "min": -6.1483964920043945,
    "max": 3.715823173522949
  },
  "topic_scores": {
    "sports": 1.5485811233520508,
    "tech": -0.6757591366767883,
    "politics_L": -2.2972466945648193,
    "politics_R": -2.2516870498657227,
    "entertainment": 2.169855833053589,
    "news": -0.7752688527107239
  }
}