{
  "approach": "posthoc",
  "stakeholder": "user",
  "alpha": 0.6,
  "score_stats": {
    "mean": -0.08889715373516083,
    "std": 1.7992534637451172,
    "min": -5.476611137390137,
    "max": 3.74914288520813
  },
  "topic_scores": {
    "sports": 1.6328349113464355,
    "tech": -0.40163254737854004,
    "politics_L": -1.8384649753570557,
    "politics_R": -1.7984867095947266,
    "entertainment": 2.226503610610962,
    "news": -0.49404826760292053
  }
}