{
  "approach": "posthoc",
  "stakeholder": "user",
  "alpha": 0.3,
  "score_stats": {
    "mean": 0.1103021577000618,
    "std": 1.6772522926330566,
    "min": -4.972771644592285,
    "max": 3.77413272857666
  },
  "topic_scores": {
    "sports": 1.6960253715515137,
    "tech": -0.19603756070137024,
    "politics_L": -1.4943784475326538,
    "politics_R": -1.4585864543914795,
    "entertainment": 2.2689895629882812,
    "news": -0.2831328213214874
  }
}