{
  "approach": "posthoc",
  "stakeholder": "society",
  "alpha": 0.3,
  "score_stats": {
    "mean": 0.8390112036686999,
    "std": 1.5287186527572696,
    "min": -3.910328513100921,
    "max": 4.271062193508233
  },
  "topic_scores": {
    "sports": 2.248780830661531,
    "tech": 0.5543669530578113,
    "politics_L": -0.5890991816764514,
    "politics_R": -0.5557331526566163,
    "entertainment": 2.7862796572375,
    "news": 0.47487895370677724
  }
}