{
  "approach": "posthoc",
  "stakeholder": "society",
  "alpha": 0.6,
  "score_stats": {
    "mean": 1.3685209622823917,
    "std": 1.5017596124318733,
    "min": -3.371834949621067,
    "max": 4.743001815071276
  },
  "topic_scores": {
    "sports": 2.7383458204602062,
    "tech": 1.0991765083234888,
    "politics_L": -0.02790615314078213,
    "politics_R": 0.007219838718462916,
    "entertainment": 3.261083948394427,
    "news": 1.0219752493204386
  }
}