{
  "approach": "posthoc",
  "stakeholder": "user",
  "alpha": 0.9,
  "score_stats": {
    "mean": -0.2880963981151581,
    "std": 1.9221742153167725,
    "min": -5.98045015335083,
    "max": 3.7241532802581787
  },
  "topic_scores": {
    "sports": 1.5696444511413574,
    "tech": -0.6072275042533875,
    "politics_L": -2.182551145553589,
    "politics_R": -2.1383869647979736,
    "entertainment": 2.1840176582336426,
    "news": -0.7049636840820312
  }
}