{
  "approach": "posthoc",
  "stakeholder": "society",
  "alpha": 0.75,
  "score_stats": {
    "mean": 1.633275841589238,
    "std": 1.4885583919547625,
    "min": -3.1315872718499422,
    "max": 4.978971625852797
  },
  "topic_scores": {
    "sports": 2.9831283153595436,
    "tech": 1.3715812859563277,
    "politics_L": 0.25269036112705257,
    "politics_R": 0.28869633440600256,
    "entertainment": 3.498486093972891,
    "news": 1.2955233971272693
  }
}