{
  "approach": "posthoc",
  "stakeholder": "society",
  "alpha": 0.5,
  "score_stats": {
    "mean": 1.1920177094111615,
    "std": 1.510664716487835,
    "min": -3.54919533881078,
    "max": 4.585688607883595
  },
  "topic_scores": {
    "sports": 2.5751574905273147,
    "tech": 0.9175733232349298,
    "politics_L": -0.21497049598600515,
    "politics_R": -0.18043115840656343,
    "entertainment": 3.102815851342118,
    "news": 0.8396098174492181
  }
}