{
  "overall_accuracy": 0.9937820043891734,
  "per_cluster_accuracy": {
    "0": 0.9925994449583718,
    "1": 0.9949238578680203,
    "2": 0.9947826086956522,
    "3": 0.9882352941176471,
    "4": 0.9966367713004485,
    "5": 0.9949494949494949
  },
  "cluster_sizes": [
    1081,
    788,
    1150,
    765,
    892,
    792
  ],
  "mean_correlation": 0.5538580417633057,
  "assignment_accuracy": 0.14795171909290417,
  "per_archetype_accuracy": {
    "sports_fan": 0.5829918032786885,
    "political_L": 0.0,
    "political_R": 0.0,
    "tech_bro": 0.25,
    "lurker": 0.0,
    "power_user": 0.0
  },
  "interpretability": 0.9629629629629629,
  "diversity": 0.08604557067155838,
  "matches": {
    "0": [
      "tech_bro",
      0.5873902440071106
    ],
    "1": [
      "political_L",
      0.5279040336608887
    ],
    "2": [
      "lurker",
      0.45638903975486755
    ],
    "3": [
      "political_R",
      0.5200502872467041
    ],
    "4": [
      "power_user",
      0.7118191123008728
    ],
    "5": [
      "sports_fan",
      0.519595742225647
    ]
  }
}