{
  "stakeholder_cosines": {
    "user-platform": 0.8927,
    "user-society": 0.8427,
    "platform-society": 0.5096
  },
  "goodhart_threshold": {
    "society_alpha": 4.0,
    "threshold_alpha_platform": null,
    "alpha_sweep": [
      0.0,
      0.05,
      0.1,
      0.15000000000000002,
      0.2,
      0.25,
      0.30000000000000004,
      0.35000000000000003,
      0.4,
      0.45,
      0.5,
      0.55,
      0.6000000000000001,
      0.65,
      0.7000000000000001,
      0.75,
      0.8,
      0.8500000000000001,
      0.9,
      0.9500000000000001,
      1.0,
      1.05,
      1.1,
      1.1500000000000001,
      1.2000000000000002,
      1.25,
      1.3,
      1.35,
      1.4000000000000001,
      1.4500000000000002,
      1.5,
      1.55,
      1.6,
      1.6500000000000001,
      1.7000000000000002,
      1.75,
      1.8,
      1.85,
      1.9000000000000001,
      1.9500000000000002,
      2.0
    ],
    "cos_values": [
      0.2692,
      0.3119,
      0.3539,
      0.3949,
      0.4346,
      0.4729,
      0.5096,
      0.5446,
      0.5779,
      0.6093,
      0.6389,
      0.6667,
      0.6926,
      0.7168,
      0.7392,
      0.7601,
      0.7794,
      0.7972,
      0.8136,
      0.8288,
      0.8427,
      0.8555,
      0.8673,
      0.8782,
      0.8881,
      0.8973,
      0.9057,
      0.9134,
      0.9205,
      0.9271,
      0.9331,
      0.9386,
      0.9436,
      0.9483,
      0.9526,
      0.9565,
      0.9601,
      0.9635,
      0.9666,
      0.9694,
      0.972
    ]
  },
  "scenarios": {
    "Pure engagement (all actions)": {
      "cos_society": -0.3121,
      "cos_user": 0.0786,
      "risk": "GOODHART",
      "note": "Every action = engagement signal, blocks/reports included"
    },
    "Engagement (neg half-weight)": {
      "cos_society": -0.0933,
      "cos_user": 0.2582,
      "risk": "GOODHART",
      "note": "All actions count, negatives at 0.5x"
    },
    "2023 Phoenix (explicit weights)": {
      "alpha": 0.3,
      "neutral_weight": 0.0,
      "cos_society": 0.5096,
      "cos_user": 0.8927,
      "risk": "low",
      "note": "Negative weights visible: block=-1.5, report=-3.0"
    },
    "Engagement + mild neg penalty": {
      "alpha": 0.1,
      "neutral_weight": 0.5,
      "cos_society": 0.2943,
      "cos_user": 0.6667,
      "risk": "moderate",
      "note": "Counts neutral, small negative downweight"
    },
    "Engagement + moderate neg penalty": {
      "alpha": 0.3,
      "neutral_weight": 0.5,
      "cos_society": 0.4277,
      "cos_user": 0.7492,
      "risk": "low",
      "note": "Counts neutral, moderate negative downweight"
    },
    "User-aligned (balanced)": {
      "alpha": 1.0,
      "neutral_weight": 0.0,
      "cos_society": 0.8427,
      "cos_user": 1.0,
      "risk": "low",
      "note": "Equal weight on positive and negative"
    },
    "Safety-first": {
      "alpha": 2.0,
      "neutral_weight": 0.0,
      "cos_society": 0.972,
      "cos_user": 0.9456,
      "risk": "low",
      "note": "Heavy negative penalty, ignores neutral"
    }
  },
  "society_sensitivity": {
    "1.0": 0.0,
    "2.0": 0.0,
    "3.0": 0.0,
    "4.0": 0.0,
    "5.0": 0.0,
    "8.0": 0.0,
    "10.0": 0.0
  }
}