{
  "ml-100k_diversity": {
    "cosine": -0.313,
    "N": [
      25.0,
      50.0,
      100.0,
      200.0,
      500.0,
      1000.0,
      2000.0
    ],
    "U": [
      -6.7044,
      -6.3365,
      -7.2357,
      -7.6277,
      -8.3829,
      -8.7722,
      -8.9794
    ],
    "form1_gao": {
      "params": {
        "U0": -5.700128,
        "alpha": -0.161792,
        "beta": -0.001985
      },
      "ci_1sigma": {
        "U0": 0.292283,
        "alpha": 0.031503,
        "beta": 0.000633
      },
      "R2": 0.9607,
      "residuals": [
        -0.2449,
        0.4084,
        -0.1161,
        -0.0364,
        -0.0573,
        0.0595,
        -0.0131
      ],
      "converged": true,
      "N_star_predicted": Infinity,
      "N_star_observed": 50
    },
    "form2_convergence": {
      "params": {
        "U0": -6.470285,
        "alpha": 0.710337,
        "beta": 3.145297,
        "tau": 275.954506
      },
      "ci_1sigma": {
        "U0": 1.385709,
        "alpha": 5.633078,
        "beta": 4.194428,
        "tau": 169.216782
      },
      "R2": 0.9653,
      "residuals": [
        -0.1707,
        0.3659,
        -0.2009,
        -0.0459,
        0.0692,
        0.0587,
        -0.0761
      ],
      "converged": true,
      "N_star_predicted": 3.5
    },
    "form3_powerlaw": {
      "params": {
        "U0": -5.8962,
        "alpha": 0.599939,
        "beta": 0.684626,
        "gamma": 0.747745,
        "delta": 0.732638
      },
      "ci_1sigma": {
        "U0": 5.715778,
        "alpha": 21948.006333,
        "beta": 21945.490599,
        "gamma": 262.120072,
        "delta": 256.022195
      },
      "R2": 0.9613,
      "residuals": [
        -0.2289,
        0.4059,
        -0.129,
        -0.0485,
        -0.0533,
        0.0734,
        -0.0194
      ],
      "converged": true
    }
  },
  "ml-1m_diversity": {
    "cosine": -0.1554,
    "N": [
      25.0,
      50.0,
      100.0,
      200.0,
      500.0,
      1000.0,
      2000.0
    ],
    "U": [
      -5.4448,
      -5.62,
      -6.4117,
      -6.6041,
      -7.1569,
      -7.8512,
      -7.9339
    ],
    "form1_gao": {
      "params": {
        "U0": -4.751534,
        "alpha": -0.157404,
        "beta": -0.001929
      },
      "ci_1sigma": {
        "U0": 0.208951,
        "alpha": 0.022521,
        "beta": 0.000452
      },
      "R2": 0.9784,
      "residuals": [
        0.0455,
        0.1481,
        -0.279,
        -0.0123,
        0.1498,
        -0.0511,
        -0.001
      ],
      "converged": true,
      "N_star_predicted": Infinity,
      "N_star_observed": 25
    },
    "form2_convergence": {
      "params": {
        "U0": -5.377602,
        "alpha": 0.0,
        "beta": 2.517642,
        "tau": 312.880367
      },
      "ci_1sigma": {
        "U0": 1.216703,
        "alpha": 5.239234,
        "beta": 3.96301,
        "tau": 208.553162
      },
      "R2": 0.9641,
      "residuals": [
        0.1261,
        0.1294,
        -0.3454,
        -0.0374,
        0.2291,
        -0.059,
        -0.0429
      ],
      "converged": true,
      "N_star_predicted": -0.0
    },
    "form3_powerlaw": {
      "params": {
        "U0": -1.431239,
        "alpha": 0.0,
        "beta": 2.629428,
        "gamma": 3.0,
        "delta": 0.128891
      },
      "ci_1sigma": {
        "U0": 16.479878,
        "alpha": 0.0,
        "beta": 14.604617,
        "gamma": 17.525833,
        "delta": 0.449758
      },
      "R2": 0.9832,
      "residuals": [
        -0.0321,
        0.1648,
        -0.2201,
        0.0319,
        0.1244,
        -0.0764,
        0.0076
      ],
      "converged": true
    }
  },
  "ml-100k_platform": {
    "cosine": 0.9562,
    "N": [
      25.0,
      50.0,
      100.0,
      200.0,
      500.0,
      1000.0,
      2000.0
    ],
    "U": [
      26.1737,
      27.3092,
      27.9668,
      28.9245,
      29.622,
      29.8388,
      29.8812
    ],
    "form1_learning_only": {
      "params": {
        "U0": 26.933321,
        "alpha": 0.082887
      },
      "ci_1sigma": {
        "U0": 0.550569,
        "alpha": 0.0234
      },
      "R2": 0.715,
      "residuals": [
        -1.1741,
        -0.2102,
        0.2046,
        0.819,
        0.8353,
        0.2844,
        -0.7589
      ],
      "converged": true
    },
    "form2_learning_convergence": {
      "params": {
        "U0": 24.127079,
        "alpha": 5.697142,
        "tau": 158.409585
      },
      "ci_1sigma": {
        "U0": 0.349664,
        "alpha": 0.336652,
        "tau": 22.243798
      },
      "R2": 0.9936,
      "residuals": [
        -0.1302,
        0.2181,
        -0.0581,
        -0.0269,
        -0.0796,
        0.0197,
        0.057
      ],
      "converged": true
    }
  },
  "ml-1m_platform": {
    "cosine": 0.9258,
    "N": [
      25.0,
      50.0,
      100.0,
      200.0,
      500.0,
      1000.0,
      2000.0
    ],
    "U": [
      25.9107,
      26.7422,
      27.4302,
      28.5719,
      29.2243,
      29.4276,
      29.6564
    ],
    "form1_learning_only": {
      "params": {
        "U0": 26.457891,
        "alpha": 0.08715
      },
      "ci_1sigma": {
        "U0": 0.5161,
        "alpha": 0.021935
      },
      "R2": 0.7594,
      "residuals": [
        -0.9829,
        -0.3319,
        0.1008,
        0.8815,
        0.8177,
        0.2138,
        -0.6989
      ],
      "converged": true
    },
    "form2_learning_convergence": {
      "params": {
        "U0": 24.001787,
        "alpha": 5.523662,
        "tau": 189.641962
      },
      "ci_1sigma": {
        "U0": 0.287031,
        "alpha": 0.275156,
        "tau": 24.644457
      },
      "R2": 0.9948,
      "residuals": [
        -0.0323,
        0.0812,
        -0.1076,
        0.1111,
        -0.0997,
        -0.0837,
        0.131
      ],
      "converged": true
    }
  },
  "synthetic_platform": {
    "cosine": 0.8927,
    "N": [
      25.0,
      50.0,
      100.0,
      200.0,
      500.0,
      1000.0,
      2000.0
    ],
    "U": [
      13.2408,
      13.3504,
      13.326,
      13.3295,
      13.5662,
      13.6457,
      13.6787
    ],
    "form1_learning_only": {
      "params": {
        "U0": 13.227937,
        "alpha": 0.011427
      },
      "ci_1sigma": {
        "U0": 0.042937,
        "alpha": 0.001825
      },
      "R2": 0.8869,
      "residuals": [
        -0.0443,
        0.0417,
        -0.0162,
        -0.06,
        0.0827,
        0.0564,
        -0.0603
      ],
      "converged": true
    },
    "form2_learning_convergence": {
      "params": {
        "U0": 13.156894,
        "alpha": 0.569948,
        "tau": 905.709232
      },
      "ci_1sigma": {
        "U0": 0.066533,
        "alpha": 0.090877,
        "tau": 713.673923
      },
      "R2": 0.9312,
      "residuals": [
        -0.0101,
        0.0614,
        -0.0152,
        -0.0811,
        0.0381,
        0.0228,
        -0.0159
      ],
      "converged": true
    }
  },
  "synthetic_society": {
    "cosine": 0.8427,
    "N": [
      25.0,
      50.0,
      100.0,
      200.0,
      500.0,
      1000.0,
      2000.0
    ],
    "U": [
      3.2072,
      3.3406,
      4.1661,
      4.4319,
      5.1305,
      5.2784,
      5.3416
    ],
    "form1_learning_only": {
      "params": {
        "U0": 3.370017,
        "alpha": 0.054153
      },
      "ci_1sigma": {
        "U0": 0.302516,
        "alpha": 0.012858
      },
      "R2": 0.7801,
      "residuals": [
        -0.4336,
        -0.4123,
        0.2546,
        0.296,
        0.5496,
        0.1959,
        -0.4502
      ],
      "converged": true
    },
    "form2_learning_convergence": {
      "params": {
        "U0": 2.167093,
        "alpha": 3.161145,
        "tau": 249.003253
      },
      "ci_1sigma": {
        "U0": 0.264557,
        "alpha": 0.251832,
        "tau": 59.801483
      },
      "R2": 0.9842,