{
  "dataset": {
    "num_users": 6040,
    "num_movies": 3883,
    "num_train_ratings": 800169,
    "num_genres": 19
  },
  "stakeholder_weights": {
    "user": {
      "values": [
        0.0,
        0.4610128700733185,
        0.44739729166030884,
        0.637752890586853,
        0.3889823853969574,
        0.4910448491573334,
        0.6631899476051331,
        0.8678954243659973,
        0.7115325927734375,
        0.41619861125946045,
        1.0,
        0.20717577636241913,
        0.6111975312232971,
        0.6223205924034119,
        0.5665371417999268,
        0.43774622678756714,
        0.5365157723426819,
        0.8300195932388306,
        0.5926687717437744
      ],
      "min": 0.0,
      "max": 1.0,
      "mean": 0.5520625710487366,
      "top_3_genres": [
        "Film-Noir",
        "Documentary",
        "War"
      ],
      "bot_3_genres": [
        "unknown",
        "Horror",
        "Children's"
      ]
    },
    "platform": {
      "values": [
        0.0,
        0.9063224792480469,
        0.854417085647583,
        0.8140676617622375,
        0.7916611433029175,
        0.9369763731956482,
        0.8701398372650146,
        0.7260468006134033,
        1.0,
        0.7510205507278442,
        0.8306421041488647,
        0.7522366642951965,
        0.805277407169342,
        0.8069331645965576,
        0.8918601274490356,
        0.8642780780792236,
        0.9036481976509094,
        0.9013781547546387,
        0.7493189573287964
      ],
      "min": 0.0,
      "max": 1.0,
      "mean": 0.797696053981781,
      "top_3_genres": [
        "Drama",
        "Comedy",
        "Action"
      ],
      "bot_3_genres": [
        "unknown",
        "Documentary",
        "Western"
      ]
    },
    "diversity": {
      "values": [
        0.0,
        -0.614754855632782,
        -0.08161574602127075,
        0.3170843720436096,
        0.1958523541688919,
        -1.0,
        0.15705451369285583,
        0.4648517072200775,
        -0.9898269772529602,
        0.34004753828048706,
        0.41733190417289734,
        0.16666823625564575,
        0.32264047861099243,
        0.32487770915031433,
        -0.1264287531375885,
        -0.1884324699640274,
        -0.3133474588394165,
        0.200200155377388,
        0.40779733657836914
      ],
      "min": -1.0,
      "max": 0.4648517072200775,
      "mean": 3.1370865904989387e-09,
      "top_3_genres": [
        "Documentary",
        "Film-Noir",
        "Western"
      ],
      "bot_3_genres": [
        "Comedy",
        "Drama",
        "Action"
      ]
    }
  },
  "content_pool": {
    "num_movies": 3347,
    "feature_dim": 19,
    "genre_distribution": [
      0,
      475,
      145,
      90,
      88,
      902,
      114,
      77,
      927,
      1,
      22,
      240,
      23,
      34,
      36,
      42,
      91,
      11,
      29
    ],
    "feature_range": [
      0.0,
      0.949999988079071
    ],
    "mean_genres_per_movie": 1.714371078577831
  },
  "disagreement": {
    "user-platform": 0.1043,
    "user-diversity": 0.6361,
    "platform-diversity": 0.6578
  },
  "bt_training": {
    "user": {
      "train_accuracy": 0.9245,
      "eval_accuracy": 0.91,
      "gap": 0.0145,
      "loss_start": 0.6286,
      "loss_end": 0.3855,
      "converged": 1,
      "weights": [
        2.3171286672251982e-35,
        2.0600292682647705,
        1.851095199584961,
        1.9233607053756714,
        1.7850959300994873,
        1.7048629522323608,
        2.503845691680908,
        2.6851608753204346,
        3.0116655826568604,
        1.3874456882476807,
        2.4722354412078857,
        -0.46903562545776367,
        2.4278104305267334,
        2.165170431137085,
        2.752412796020508,
        1.5217978954315186,
        2.326530933380127,
        2.5014350414276123,
        1.9627033472061157
      ],
      "training_time_s": 18.48
    },
    "platform": {
      "train_accuracy": 0.9395,
      "eval_accuracy": 0.926,
      "gap": 0.0135,
      "loss_start": 0.6245,
      "loss_end": 0.3744,
      "converged": 1,
      "weights": [
        2.3171286672251982e-35,
        2.737313747406006,
        2.4901773929595947,
        1.921665072441101,
        2.392812967300415,
        2.643411159515381,
        2.1486973762512207,
        0.45397359132766724,
        2.9820139408111572,
        1.4152518510818481,
        1.3266865015029907,
        0.9577723741531372,
        2.0124900341033936,
        1.792073130607605,
        2.801482915878296,
        2.519937038421631,
        2.777535915374756,
        2.308434009552002,
        1.3126708269119263
      ],
      "training_time_s": 16.32
    },
    "diversity": {
      "train_accuracy": 0.949,
      "eval_accuracy": 0.954,
      "gap": 0.005,
      "loss_start": 0.6537,
      "loss_end": 0.3018,
      "converged": 1,
      "weights": [
        2.3171286672251982e-35,
        -2.664630651473999,
        -0.2628345787525177,
        0.8295401334762573,
        1.288078784942627,
        -4.597405910491943,
        0.6696937084197998,
        1.2253578901290894,
        -4.865816593170166,
        1.04877769947052,
        0.9537333846092224,
        1.015724778175354,
        1.2225903272628784,
        1.4703267812728882,
        -0.8465328216552734,
        -0.7178223729133606,
        -1.1419098377227783,
        0.6761305928230286,
        1.4006211757659912
      ],
      "training_time_s": 16.38
    }
  },
  "cosine_similarity": {
    "user-platform": 0.9258,
    "user-diversity": -0.1554,
    "platform-diversity": -0.3042
  }
}