{
  "dataset": {
    "num_users": 943,
    "num_movies": 1682,
    "num_train_ratings": 81513,
    "num_genres": 19
  },
  "stakeholder_weights": {
    "user": {
      "values": [
        -0.5329588055610657,
        0.5089821815490723,
        0.5326744318008423,
        0.613645076751709,
        0.3734404444694519,
        0.41485539078712463,
        0.6600098609924316,
        0.7100386619567871,
        0.7275295257568359,
        0.22020737826824188,
        1.0,
        0.31135302782058716,
        0.554100751876831,
        0.6854873895645142,
        0.658600926399231,
        0.5968560576438904,
        0.5486562848091125,
        0.8657177686691284,
        0.6576938629150391
      ],
      "min": -0.5329588055610657,
      "max": 1.0,
      "mean": 0.5319415926933289,
      "top_3_genres": [
        "Film-Noir",
        "War",
        "Drama"
      ],
      "bot_3_genres": [
        "unknown",
        "Fantasy",
        "Horror"
      ]
    },
    "platform": {
      "values": [
        0.12717671692371368,
        0.9036312699317932,
        0.8534014225006104,
        0.7477872371673584,
        0.7607501745223999,
        0.8952512741088867,
        0.8307152390480042,
        0.6163869500160217,
        1.0,
        0.5888610482215881,
        0.7475633025169373,
        0.7208734154701233,
        0.7656881213188171,
        0.7942696213722229,
        0.9143866300582886,
        0.8601585030555725,
        0.8983337879180908,
        0.8910178542137146,
        0.6947421431541443
      ],
      "min": 0.12717671692371368,
      "max": 1.0,
      "mean": 0.7689996957778931,
      "top_3_genres": [
        "Drama",
        "Romance",
        "Action"
      ],
      "bot_3_genres": [
        "unknown",
        "Fantasy",
        "Documentary"
      ]
    },
    "diversity": {
      "values": [
        0.38986146450042725,
        -0.4983697831630707,
        -0.09159045666456223,
        0.26249390840530396,
        0.13662581145763397,
        -0.6571400761604309,
        0.11156357824802399,
        0.363556832075119,
        -1.0,
        0.3420076072216034,
        0.32915517687797546,
        0.20414389669895172,
        0.21408310532569885,
        0.21078431606292725,
        -0.28681883215904236,
        -0.05226202681660652,
        -0.3647902011871338,
        0.06302424520254135,
        0.32367146015167236
      ],
      "min": -1.0,
      "max": 0.38986146450042725,
      "mean": 1.5685432952494693e-09,
      "top_3_genres": [
        "unknown",
        "Documentary",
        "Fantasy"
      ],
      "bot_3_genres": [
        "Drama",
        "Comedy",
        "Action"
      ]
    }
  },
  "content_pool": {
    "num_movies": 1305,
    "feature_dim": 19,
    "genre_distribution": [
      1,
      218,
      56,
      33,
      45,
      338,
      57,
      25,
      371,
      0,
      11,
      51,
      9,
      18,
      18,
      14,
      27,
      2,
      11
    ],
    "feature_range": [
      0.0,
      0.9200000166893005
    ],
    "mean_genres_per_movie": 1.825287356321839
  },
  "disagreement": {
    "user-platform": 0.0805,
    "user-diversity": 0.6625,
    "platform-diversity": 0.6724
  },
  "bt_training": {
    "user": {
      "train_accuracy": 0.9295,
      "eval_accuracy": 0.934,
      "gap": 0.0045,
      "loss_start": 0.6177,
      "loss_end": 0.3584,
      "converged": 1,
      "weights": [
        -0.0693214014172554,
        2.0546350479125977,
        2.2044904232025146,
        2.190992832183838,
        1.7496848106384277,
        1.3473175764083862,
        2.288252115249634,
        1.6747305393218994,
        3.064069986343384,
        0.6136593818664551,
        2.298041582107544,
        0.5003872513771057,
        1.9850136041641235,
        2.336052179336548,
        2.9191696643829346,
        2.309187889099121,
        2.506265878677368,
        2.805982828140259,
        0.9095817804336548
      ],
      "training_time_s": 11.33
    },
    "platform": {
      "train_accuracy": 0.9515,
      "eval_accuracy": 0.942,
      "gap": 0.0095,
      "loss_start": 0.617,
      "loss_end": 0.344,
      "converged": 1,
      "weights": [
        -0.034975744783878326,
        2.66084361076355,
        2.441237449645996,
        1.4754383563995361,
        2.6324965953826904,
        2.441504716873169,
        2.204681396484375,
        0.07053634524345398,
        3.0418553352355957,
        0.7539982795715332,
        1.5649769306182861,
        1.1959114074707031,
        1.8195257186889648,
        1.908776044845581,
        2.776588201522827,
        2.533978223800659,
        2.991422653198242,
        2.481292486190796,
        0.6976575255393982
      ],
      "training_time_s": 9.88
    },
    "diversity": {
      "train_accuracy": 0.958,
      "eval_accuracy": 0.938,
      "gap": 0.02,
      "loss_start": 0.6573,
      "loss_end": 0.2693,
      "converged": 1,
      "weights": [
        0.1667882651090622,
        -2.245795488357544,
        -0.16964103281497955,
        0.7972094416618347,
        0.9501559138298035,
        -3.202125072479248,
        0.696945309638977,
        1.069005012512207,
        -5.818586349487305,
        0.7410740852355957,
        1.0048273801803589,
        1.0927150249481201,
        0.8825027346611023,
        1.0876469612121582,
        -1.943956732749939,
        -0.3412632942199707,
        -1.656624674797058,
        -0.03044918179512024,
        0.9724323749542236
      ],
      "training_time_s": 9.49
    }
  },
  "cosine_similarity": {
    "user-platform": 0.9562,
    "user-diversity": -0.313,
    "platform-diversity": -0.4102
  }
}